campaign,source,medium,device,sessions,users,conversions,revenue,add_to_carts,checkouts,bounce_rate,engagement_rate,cvr,aov,cart_to_checkout,checkout_to_purchase
(direct),(direct),(none),desktop,962669,692577,4478,479350.55999999994,16329,3317,0.05284890237454411,0.9471510976254559,0.004651650775084687,107.04568110763732,0.20313552575173005,1.3500150738619234
(direct),(direct),(none),mobile,779961,531556,2663,280367.79999999993,27508,4417,0.044253494726018354,0.9557465052739816,0.0034142732777664524,105.28268869695829,0.16057147011778392,0.6028978944985284
(organic),google,organic,mobile,471566,398283,1480,193400.32492600003,16486,2611,0.044008685952761646,0.9559913140472384,0.0031384790252053795,130.6758952202703,0.15837680456144607,0.5668326311757947
(organic),google,organic,desktop,282269,176001,2149,323422.45375499985,10891,2659,0.09082116704278542,0.9091788329572146,0.007613305038810496,150.49904781526286,0.24414654301717015,0.8081985708913125
GG_Aura_Search_NB_General,google,cpc,mobile,248001,212616,5245,412419.72,47177,3434,0.02553618735408325,0.9744638126459167,0.021149108269724718,78.63102383222116,0.07278970684867626,1.527373325567851
GG_Aura_Search_Brand,google,cpc,mobile,121420,86662,3691,350239.61,24093,6283,0.047842200625926534,0.9521577993740734,0.03039861637292044,94.89016797615822,0.2607811397501349,0.5874582205952571
GG_Aura_Search_Brand,google,cpc,desktop,100620,50621,3442,491288.31,14172,5033,0.08387994434506063,0.9161200556549394,0.034207910952097,142.73338466008136,0.3551368896415467,0.6838863500894099
(organic),bing,organic,desktop,85494,54740,391,61288.679999999986,1745,667,0.06782932135588463,0.9321706786441154,0.004573420356984116,156.74854219948844,0.38223495702005733,0.5862068965517241
22581332380,google,cpc,mobile,78609,76407,5,356.98,62,3,0.044931241969749014,0.955068758030251,6.360594842829701e-05,71.396,0.04838709677419355,1.6666666666666667
lal_currentcustomers1,facebook,paidsocial,mobile,77865,72430,1841,173951.68,8578,487,0.03869517755088936,0.9613048224491106,0.023643485519809927,94.48760456273764,0.05677314059221264,3.7802874743326487
Aura_Web-CPT,applovin,cpc,desktop,73017,65164,2,204.0,157,2,0.04326389744853938,0.9567361025514606,2.739088157552351e-05,102.0,0.012738853503184714,1.0
av-intro,top10,ir_affiliate,mobile,70395,58802,3244,254951.3999999998,23708,576,0.02787129767739186,0.9721287023226082,0.046082818381987356,78.59167694204679,0.024295596423148304,5.631944444444445
Aura_Web-CPT,applovin,cpc,mobile,65750,50970,19,1404.99,762,2,0.05744486692015209,0.942555133079848,0.00028897338403041824,73.94684210526316,0.0026246719160104987,9.5
(not set),influencelogic,influencer,mobile,57267,35114,2473,271677.73,16855,1343,0.07330574327273998,0.92669425672726,0.04318368344770985,109.8575535786494,0.07967962029071492,1.8413998510796723
lal_currentcustomers5_lowerfunnelftdboo_subscribe,facebook,paidsocial,mobile,52674,42881,1309,12572.729999999996,17220,183,0.011181987318221514,0.9888180126817785,0.024850970118084823,9.604835752482808,0.010627177700348432,7.1530054644808745
GG_Aura_Search_Competitors,google,cpc,mobile,52458,42743,1811,136547.17000000004,10027,2360,0.059743032521255096,0.9402569674787449,0.034522856380342366,75.39876863611266,0.23536451580732023,0.7673728813559322
22571430648,google,cpc,mobile,52139,52533,1,120.0,40,0,0.03987418247377203,0.9601258175262279,1.9179500949385297e-05,120.0,0.0,0.0
life360-productivity,life360,display,mobile,46416,41055,0,0.0,1242,0,0.08947345742847294,0.9105265425715271,0.0,0.0,0.0,0.0
506111763,bing,cpc,mobile,39408,35273,188,14332.399999999992,3404,143,0.033571863580998784,0.9664281364190013,0.004770604953308973,76.23617021276591,0.04200940070505288,1.3146853146853146
life360-doomscroll,life360,display,mobile,39204,33598,3,8.97,590,0,0.05841240689725538,0.9415875931027446,7.652280379553107e-05,2.99,0.0,0.0
GG_Aura_PerformanceMax_NB,google,cpc,mobile,39198,32563,495,38250.62000000002,3894,643,0.08640746976886576,0.9135925302311343,0.012628195316087555,77.27397979797983,0.16512583461736005,0.7698289269051322
(referral),top10,ir_affiliate,mobile,39139,29533,2196,179618.0,14407,3529,0.03551444850404967,0.9644855514959503,0.056107718643807966,81.79326047358835,0.24495037134726175,0.6222725984698215
(referral),aura004.lightning.force.com,referral,desktop,38058,1194,14,853.0,551,182,0.03481528193809449,0.9651847180619055,0.00036785958274213043,60.92857142857143,0.33030852994555354,0.07692307692307693
(referral),influencelogic,influencer,desktop,37346,26562,1082,121271.38000000002,7467,1100,0.10126921223156429,0.8987307877684357,0.028972312965243933,112.08075785582257,0.147314852015535,0.9836363636363636
life360-work,life360,display,mobile,36841,31954,5,14.950000000000001,549,0,0.0706278331207079,0.9293721668792921,0.00013571835726500366,2.99,0.0,0.0
GG_Aura_DemandGen_Sandbox,google,cpc,mobile,36702,33996,108,5366.48,1558,47,0.06152253283199825,0.9384774671680017,0.0029426189308484553,49.68962962962963,0.030166880616174584,2.297872340425532
GG_Aura_Search_NB_General,google,cpc,desktop,36410,28274,827,69060.71,4653,806,0.0585828069211755,0.9414171930788245,0.022713540236198846,83.50750906892382,0.17322157747689662,1.0260545905707197
506111763,bing,cpc,desktop,33914,30079,278,25592.590000000015,3419,297,0.04122191425370054,0.9587780857462994,0.008197204694226573,92.05967625899285,0.08686750511845569,0.936026936026936
506069991,bing,cpc,desktop,33893,18242,1152,159496.06,5266,1906,0.06092703508099018,0.9390729649190098,0.033989319328474904,138.45144097222223,0.36194454994303077,0.6044071353620147
(referral),idpr,ir_affiliate,mobile,32961,26928,1106,108389.11000000003,7556,2264,0.043596978247019205,0.9564030217529808,0.0335548071963836,98.00100361663655,0.2996294335627316,0.48851590106007065
(referral),influencelogic,influencer,mobile,32629,27961,1298,139510.71000000002,8282,733,0.050323332005271386,0.9496766679947286,0.03978056330258359,107.48128659476119,0.08850519198261289,1.7708049113233288
(not set),influencelogic,influencer,desktop,32384,16338,960,121708.23,5862,958,0.15841156126482214,0.8415884387351779,0.029644268774703556,126.77940625,0.16342545206414194,1.0020876826722338
broad_av,facebook,paidsocial,mobile,31938,27051,207,16317.929999999998,3182,28,0.03575677875884526,0.9642432212411547,0.0064813075333458574,78.83057971014492,0.008799497171590195,7.392857142857143
rmk_sitevisitors,facebook,paidsocial,mobile,30251,24488,322,26894.83999999999,4667,68,0.04545304287461571,0.9545469571253843,0.010644276222273643,83.52434782608692,0.014570387829440755,4.735294117647059
GG_Aura_Search_NB_ID_gtwy-idt,google,cpc,mobile,29911,24132,959,92010.62000000001,4708,1729,0.0393500718799104,0.9606499281200896,0.03206178329042827,95.9443378519291,0.3672472387425658,0.5546558704453441
lal_currentcustomers5,facebook,paidsocial,mobile,29645,25906,357,29855.45,3096,81,0.05036262438859841,0.9496373756114016,0.012042502951593861,83.62871148459384,0.02616279069767442,4.407407407407407
(referral),idpr,ir_affiliate,desktop,28628,21470,1503,194738.09000000003,8748,2484,0.06133854967165013,0.9386614503283499,0.052501047925108284,129.56626081170992,0.2839506172839506,0.605072463768116
506211722,bing,cpc,mobile,27322,25085,9,741.86,645,18,0.05687724178317839,0.9431227582168216,0.00032940487519215285,82.42888888888889,0.027906976744186046,0.5
JDI_Impulse_2935383,outbrain,native,mobile,27258,23129,2101,209985.64999999976,20189,129,0.041308973512363345,0.9586910264876367,0.07707828894269572,99.94557353641112,0.006389618108871168,16.286821705426355
GG_Aura_YouTube_RMK,google,cpc,mobile,26247,22727,207,17250.24,1724,56,0.10324989522612107,0.896750104773879,0.007886615613212938,83.3344927536232,0.03248259860788863,3.6964285714285716
av-intro,moonshot,ir_affiliate,mobile,26199,21755,1475,110711.12873600001,9546,237,0.03045917783121493,0.9695408221687851,0.05629985877323562,75.05839236338984,0.024827152734129478,6.223628691983122
(direct),(direct),(none),tablet,24710,16534,101,12100.339999999997,1039,183,0.04552812626467018,0.9544718737353298,0.004087414002428166,119.80534653465342,0.17613089509143406,0.5519125683060109
av-intro,conadvo,ir_affiliate,mobile,24444,19620,2148,165440.50000000003,12504,314,0.043037146129929635,0.9569628538700704,0.08787432498772704,77.02071694599628,0.02511196417146513,6.840764331210191
(not set),71acegroup,ir_affiliate,desktop,23209,18540,59,6935.839999999999,355,131,0.03873497350165884,0.9612650264983411,0.002542117282088845,117.5566101694915,0.36901408450704226,0.45038167938931295
life360-idt,life360,display,mobile,21840,18187,0,0.0,59,2,0.07596153846153846,0.9240384615384616,0.0,0.0,0.03389830508474576,0.0
life360-pc,life360,display,mobile,21835,17930,1,79.99,219,0,0.1133043279138997,0.8866956720861003,4.5798030684680556e-05,79.99,0.0,0.0
av-intro,wizcase,ir_affiliate,mobile,20446,17542,929,69509.896024,6412,160,0.04905605008314585,0.9509439499168542,0.045436760246502984,74.82227774381055,0.024953212726138492,5.80625
(referral),top10,ir_affiliate,desktop,20357,15752,1564,181415.40999999997,6792,2107,0.0789900280001965,0.9210099719998035,0.0768286093235742,115.99450767263426,0.31021790341578326,0.7422876127195064
life360-privacy,life360,display,mobile,20251,17314,3,15.0,88,0,0.059503234408177376,0.9404967655918226,0.00014814083255147893,5.0,0.0,0.0
506211722,bing,cpc,desktop,19375,18748,46,5376.86,732,78,0.012283870967741936,0.987716129032258,0.0023741935483870967,116.88826086956522,0.10655737704918032,0.5897435897435898
life360-relationships,life360,display,mobile,18880,16678,1,2.99,432,0,0.0878707627118644,0.9121292372881356,5.296610169491525e-05,2.99,0.0,0.0
life360-physicalhealth,life360,display,mobile,18846,16841,1,2.99,480,0,0.08192719940570943,0.9180728005942905,5.3061657646184864e-05,2.99,0.0,0.0
life360-mentalhealth,life360,display,mobile,18571,16242,1,2.99,492,0,0.07910182542674062,0.9208981745732594,5.384739647838027e-05,2.99,0.0,0.0
GG_Aura_DemandGen_Hero,google,cpc,mobile,17246,14066,80,7005.569999999999,894,48,0.09521048359039777,0.9047895164096023,0.00463875681317407,87.56962499999999,0.053691275167785234,1.6666666666666667
(referral),conadvo,ir_affiliate,mobile,16358,12379,1063,99474.45000000001,5653,1606,0.030749480376574153,0.9692505196234259,0.0649834943147084,93.57897460018816,0.28409693967804706,0.661892901618929
(not set),(not set),(not set),desktop,15843,13076,100,11850.299999999996,450,116,0.9989269709019757,0.001073029098024364,0.006311935870731553,118.50299999999996,0.2577777777777778,0.8620689655172413
Aura_Web-CPT,applovin,cpc,tablet,15325,12431,0,0.0,63,0,0.04763458401305057,0.9523654159869495,0.0,0.0,0.0,0.0
(organic),yahoo,organic,desktop,14966,8936,105,14833.039999999995,328,154,0.07543765869303755,0.9245623413069625,0.007015902712815715,141.2670476190476,0.4695121951219512,0.6818181818181818
(organic),google,organic,tablet,14624,11939,69,10343.979999999998,433,118,0.04048140043763676,0.9595185995623632,0.004718271334792122,149.91275362318837,0.27251732101616627,0.5847457627118644
GG_Aura_Search_NB_Credit_gtwy-credit,google,cpc,mobile,14488,12097,449,38963.41,2119,846,0.046590281612368854,0.9534097183876311,0.030991165102153505,86.77819599109132,0.3992449268522888,0.5307328605200946
(not set),cybernews,ir_affiliate,mobile,13826,9622,535,48070.13000000002,5759,288,0.056921741646173876,0.9430782583538261,0.03869521191957182,89.85071028037387,0.050008682062858134,1.8576388888888888
life360-boundries,life360,display,mobile,13611,11810,0,0.0,335,0,0.07376386746014253,0.9262361325398575,0.0,0.0,0.0,0.0
(not set),(not set),(not set),mobile,13465,12656,423,39688.18,1285,475,0.9976234682510212,0.002376531748978834,0.03141477905681396,93.82548463356974,0.36964980544747084,0.8905263157894737
(organic),duckduckgo,organic,mobile,13267,9982,60,9446.829999999998,403,80,0.05909399261325092,0.9409060073867491,0.004522499434687571,157.44716666666665,0.19851116625310175,0.75
av-intro,top10,ir_affiliate,desktop,12939,9615,1106,110167.93999999994,4953,442,0.06677486668212382,0.9332251333178762,0.08547801221114461,99.6093490054249,0.08923884514435695,2.502262443438914
(referral),antivirusguide,ir_affiliate,desktop,12807,11018,432,39630.72000000001,3753,157,0.04185211212618099,0.958147887873819,0.03373155305692199,91.7377777777778,0.041833200106581404,2.751592356687898
(referral),antivirusguide,ir_affiliate,mobile,12701,11103,511,36496.859999999986,6429,31,0.024722462798204867,0.9752775372017951,0.040233052515549955,71.42242661448138,0.004821900762171411,16.483870967741936
GG_Aura_Search_Competitors,google,cpc,desktop,12251,7829,612,71178.56000000001,2251,783,0.08178924169455555,0.9182107583054444,0.04995510570565668,116.30483660130722,0.3478454020435362,0.7816091954022989
(organic),duckduckgo,organic,desktop,12208,7765,71,13334.359999999999,318,109,0.07183813892529489,0.9281618610747051,0.0058158584534731324,187.80788732394365,0.34276729559748426,0.6513761467889908
(not set),peachjar,ir_affiliate,desktop,12181,11851,8,799.92,153,3,0.29242262540021347,0.7075773745997865,0.0006567605286922256,99.99,0.0196078431372549,2.6666666666666665
GG_Aura_Search_NB_ID_gtwy-idt,google,cpc,desktop,11581,6525,520,77740.98999999995,1656,755,0.08384422761419566,0.9161557723858044,0.04490113116311199,149.50190384615374,0.4559178743961353,0.6887417218543046
balance_parentingpressure_osaw,facebook,paidsocial,mobile,11203,10897,16,1485.9,55,3,0.13067928233508883,0.8693207176649111,0.0014281888779791127,92.86875,0.05454545454545454,5.333333333333333
broad_auratesting,facebook,paidsocial,mobile,10938,9023,127,10212.759999999998,1903,26,0.04251234229292375,0.9574876577070762,0.011610897787529714,80.41543307086613,0.013662637940094587,4.884615384615385
GG_Aura_Search_NB_gtwy-pc,google,cpc,mobile,10926,8964,264,19433.37999999999,3484,14,0.062328390993959364,0.9376716090060406,0.02416254805052169,73.61128787878783,0.004018369690011481,18.857142857142858
(not set),idpr,ir_affiliate,desktop,10756,3246,144,17301.369999999995,957,165,0.0820937151357382,0.9179062848642618,0.01338787653402752,120.14840277777775,0.1724137931034483,0.8727272727272727
506187878,bing,cpc,mobile,10669,10465,12,762.7900000000001,1007,6,0.05164495266660418,0.9483550473333958,0.0011247539600712344,63.56583333333334,0.005958291956305859,2.0
(referral),conadvo,ir_affiliate,desktop,10572,7241,811,111358.84000000001,3091,1183,0.11549375709421113,0.8845062429057888,0.0767120696178585,137.31053020961778,0.38272403752830797,0.6855452240067624
(organic),yahoo,organic,mobile,9699,7087,31,4095.9399999999996,232,66,0.05381998144138571,0.9461800185586143,0.003196205794411795,132.12709677419355,0.28448275862068967,0.4696969696969697
life360_blendedlal,facebook,paidsocial,mobile,9494,8980,212,11177.819999999998,1935,37,0.03539077311986518,0.9646092268801348,0.022329892563724456,52.72556603773584,0.019121447028423774,5.72972972972973
(not set),rocketmoney,ir_affiliate,mobile,9449,8886,359,24720.0,1277,785,0.01608635834479839,0.9839136416552016,0.0379934384590962,68.85793871866295,0.6147220046985121,0.4573248407643312
(not set),top10,ir_affiliate,desktop,9261,2222,124,15721.849999999999,675,136,0.11381060360652197,0.886189396393478,0.01338948277723788,126.7891129032258,0.20148148148148148,0.9117647058823529
GG_Aura_Search_Brand_gtwy-pc,google,cpc,mobile,9214,6610,313,24785.7,3158,27,0.06642066420664207,0.933579335793358,0.03397004558280877,79.18753993610224,0.008549715009499683,11.592592592592593
(organic),bing,organic,mobile,9092,7107,20,2118.0,220,39,0.050263968323801145,0.9497360316761989,0.002199736031676199,105.9,0.17727272727272728,0.5128205128205128
(referral),buyersguide,ir_affiliate,mobile,9060,7373,545,45769.619999999995,1955,918,0.0477924944812362,0.9522075055187638,0.06015452538631347,83.98095412844036,0.46956521739130436,0.593681917211329
GG_Aura_Search_NB_gtwy-av,google,cpc,mobile,9031,7981,293,22359.410000000003,2709,88,0.030118480788395526,0.9698815192116045,0.03244380467279371,76.31197952218432,0.03248431155407899,3.3295454545454546
av-intro,AntivirusReviews,ir_affiliate,mobile,9018,7193,405,33324.85,3520,99,0.03348857839875804,0.9665114216012419,0.04491017964071856,82.28358024691357,0.028125,4.090909090909091
life360_over45,facebook,paidsocial,mobile,8479,6967,81,3052.699999999999,1160,8,0.04410897511498998,0.95589102488501,0.009553013327043284,37.68765432098764,0.006896551724137931,10.125
GG_Aura_DemandGen_Sandbox,google,cpc,desktop,8401,6294,57,3697.75,565,29,0.06844423282942506,0.931555767170575,0.006784906558743007,64.87280701754386,0.05132743362831858,1.9655172413793103
GG_Aura_PerformanceMax_NB,google,cpc,desktop,8102,5846,190,20956.14999999999,965,246,0.07664774129844483,0.9233522587015551,0.02345099975314737,110.29552631578943,0.2549222797927461,0.7723577235772358
lalavcustomers5,facebook,paidsocial,mobile,7871,6904,83,6319.19,1128,14,0.06492186507432346,0.9350781349256765,0.010545038749841189,76.13481927710843,0.012411347517730497,5.928571428571429
GG_Aura_Search_NB_General,google,cpc,tablet,7855,6939,143,12486.76999999999,1393,125,0.04022915340547422,0.9597708465945258,0.01820496499045194,87.32006993006986,0.08973438621679827,1.144
(referral),parentacontrol,ir_affiliate,mobile,7143,5594,213,20682.119999999988,3173,15,0.027299454010919783,0.9727005459890802,0.02981940361192776,97.09915492957741,0.004727387330601954,14.2
GG_Aura_Search_NB_Credit_gtwy-credit,google,cpc,desktop,7140,4868,250,33208.13,888,396,0.0773109243697479,0.9226890756302522,0.0350140056022409,132.83252,0.44594594594594594,0.6313131313131313
(not set),ski001,ir_affiliate,mobile,7038,3451,10,513.0,118,37,0.04731457800511509,0.9526854219948849,0.0014208581983518045,51.3,0.3135593220338983,0.2702702702702703
broad_up10general,facebook,paidsocial,mobile,6966,6241,103,8558.969999999998,796,24,0.05785242606948033,0.9421475739305196,0.014786103933390755,83.09679611650483,0.03015075376884422,4.291666666666667
life360_general,facebook,paidsocial,mobile,6924,5560,41,1307.91,972,10,0.05285961871750433,0.9471403812824957,0.005921432697862507,31.900243902439026,0.0102880658436214,4.1
av-intro,conadvo,ir_affiliate,desktop,6893,5146,560,54841.46999999999,2576,235,0.0667343681996228,0.9332656318003772,0.0812418395473669,97.93119642857141,0.09122670807453416,2.382978723404255
GG_Aura_Search_Dynamic,google,cpc,mobile,6698,5809,200,19442.980000000003,1839,109,0.044789489399820845,0.9552105106001791,0.029859659599880562,97.21490000000001,0.059271343121261554,1.834862385321101
(not set),idpr,ir_affiliate,mobile,6606,4777,65,6599.539999999999,1731,93,0.08840448077505299,0.911595519224947,0.009839539812291857,101.5313846153846,0.053726169844020795,0.6989247311827957
506187878,bing,cpc,desktop,6391,6232,21,1964.8100000000002,718,10,0.01533406352683461,0.9846659364731654,0.0032858707557502738,93.56238095238096,0.013927576601671309,2.1
(referral),buyersguide,ir_affiliate,desktop,6356,4746,369,42638.590000000004,1385,583,0.08543108873505349,0.9145689112649465,0.05805538074260541,115.55173441734418,0.42093862815884475,0.6329331046312179
av-intro,top10,ir_affiliate,tablet,6329,5206,364,32736.380000000005,2100,94,0.022910412387422974,0.977089587612577,0.057513035234634226,89.9351098901099,0.04476190476190476,3.872340425531915
GG_Aura_YouTube_RMK,google,cpc,desktop,6289,4266,39,4127.779999999999,233,30,0.10542216568611862,0.8945778343138814,0.006201303863889331,105.84051282051279,0.12875536480686695,1.3
506069991,bing,cpc,mobile,6221,4211,128,13038.109999999997,963,251,0.05449284680919466,0.9455071531908054,0.020575470181642824,101.86023437499998,0.26064382139148495,0.5099601593625498
(referral),mail.yahoo.com,referral,desktop,5867,2485,4,518.99,32,16,0.04806545082665758,0.9519345491733424,0.0006817794443497528,129.7475,0.5,0.25
interests_lifelock,facebook,paidsocial,mobile,5758,4977,86,7659.159999999995,640,21,0.05001736714136853,0.9499826328586315,0.014935741576936437,89.05999999999995,0.0328125,4.095238095238095
fedvip-reminder-2025,fedvip,email,desktop,5479,5147,0,0.0,872,6,0.0490965504654134,0.9509034495345866,0.0,0.0,0.006880733944954129,0.0
rmk_sitevisitors_av,facebook,paidsocial,mobile,5462,4616,76,5949.239999999999,961,14,0.05931893079458074,0.9406810692054193,0.013914317099963384,78.27947368421052,0.014568158168574402,5.428571428571429
life360_pc,facebook,paidsocial,mobile,5381,3662,2,94.99,6622,1,0.4123768816205166,0.5876231183794833,0.00037167812674224123,47.495,0.00015101177891875566,2.0
(not set),cybernews,ir_affiliate,desktop,5360,3612,206,23532.120000000014,1596,156,0.12369402985074626,0.8763059701492537,0.038432835820895524,114.23359223300977,0.09774436090225563,1.3205128205128205
(cross-network),(data not available),(data not available),mobile,5247,5193,182,13954.889999999994,1525,226,0.01581856298837431,0.9841814370116256,0.0346864875166762,76.67521978021975,0.1481967213114754,0.8053097345132744
(referral),royharp,ir_affiliate,desktop,5135,2921,14,2105.9799999999996,92,35,0.09639727361246349,0.9036027263875365,0.002726387536514119,150.42714285714283,0.3804347826086957,0.4
JDI_Impulse_2935403,taboola,native,desktop,5104,4126,341,34370.67999999999,2655,24,0.05329153605015674,0.9467084639498433,0.0668103448275862,100.79378299120232,0.00903954802259887,14.208333333333334
GG_Aura_Search_Brand,google,cpc,tablet,5035,3339,159,20046.430000000008,1079,301,0.04409136047666336,0.9559086395233366,0.031578947368421054,126.07817610062898,0.2789620018535681,0.5282392026578073
(not set),conadvo,ir_affiliate,desktop,4907,952,50,7039.719999999999,240,74,0.09578153658039536,0.9042184634196047,0.010189525168127165,140.7944,0.30833333333333335,0.6756756756756757
lal_currentcustomers5_lowerfunnelftdboo_subscribe,facebook,paidsocial,tablet,4905,4203,125,1342.96,1631,23,0.016106014271151887,0.9838939857288481,0.0254841997961264,10.74368,0.014101778050275904,5.434782608695652
(not set),banyantree,ir_affiliate,desktop,4904,1049,63,9218.72,384,77,0.14579934747145187,0.8542006525285482,0.012846655791190865,146.32888888888888,0.20052083333333334,0.8181818181818182
av-intro,safetydetectives,ir_affiliate,mobile,4860,4260,164,13250.076927999988,1291,35,0.03847736625514403,0.9615226337448559,0.03374485596707819,80.79315199999992,0.027110766847405113,4.685714285714286
av-intro,moonshot,ir_affiliate,desktop,4841,3731,318,30213.490000000005,1731,124,0.065482338359843,0.934517661640157,0.06568890725056807,95.01097484276731,0.07163489312536106,2.564516129032258
GG_Thrive_Search_NB,google,cpc,mobile,4831,4627,16,47.84000000000002,736,0,0.02421858828399917,0.9757814117160009,0.0033119436969571516,2.990000000000001,0.0,0.0
broad_alerts,facebook,paidsocial,mobile,4806,4325,38,3109.619999999999,639,8,0.038493549729504785,0.9615064502704952,0.007906783187682065,81.83210526315787,0.012519561815336464,4.75
av-intro,safetydetectives,ir_affiliate,desktop,4752,3980,270,25345.784411000008,1551,84,0.0726010101010101,0.92739898989899,0.056818181818181816,93.87327559629632,0.05415860735009671,3.2142857142857144
lal_currentcustomers1,facebook,paidsocial,tablet,4650,4392,130,13718.699999999984,561,40,0.027096774193548386,0.9729032258064516,0.02795698924731183,105.52846153846141,0.07130124777183601,3.25
GG_Aura_Search_Brand_gtwy-av,google,cpc,mobile,4618,3327,121,9943.55999999999,1267,79,0.0443915114768298,0.9556084885231702,0.026201818969250758,82.17818181818174,0.062352012628255724,1.5316455696202531
GG_Aura_DemandGen_Hero,google,cpc,desktop,4616,2702,37,4287.769999999999,241,26,0.09770363951473136,0.9022963604852686,0.008015597920277296,115.88567567567564,0.1078838174273859,1.4230769230769231
JDI_Impulse_2781868,outbrain,native,desktop,4600,3973,230,16118.74,2204,22,0.05456521739130435,0.9454347826086956,0.05,70.08147826086956,0.009981851179673321,10.454545454545455
fedemployees,facebook,paidsocial,mobile,4547,3890,26,2373.75,264,7,0.07323510006597757,0.9267648999340224,0.005718055861007257,91.29807692307692,0.026515151515151516,3.7142857142857144
av-intro,cybernews,ir_affiliate,desktop,4339,3235,216,22364.93999999999,1314,94,0.05185526619036644,0.9481447338096336,0.049781055542751786,103.54138888888885,0.0715372907153729,2.297872340425532
GG_Aura_Search_Brand_gtwy-pc,google,cpc,desktop,4333,2693,171,15083.569999999989,1175,18,0.14631894761135472,0.8536810523886453,0.03946457419801523,88.20801169590636,0.015319148936170212,9.5
ftr_dboo-ib,(not set),(not set),mobile,4292,3658,230,1814.98,3374,41,0.18173345759552656,0.8182665424044734,0.05358807082945014,7.891217391304348,0.012151748666271488,5.609756097560975
JDI_Impulse_3054205,outbrain,native,desktop,4290,3797,274,19208.29,2241,21,0.034731934731934734,0.9652680652680653,0.06386946386946386,70.10324817518249,0.009370816599732263,13.047619047619047
(organic),google,ir_affiliate,desktop,4279,1348,4,507.99,13,7,0.06286515541014255,0.9371348445898574,0.0009347978499649451,126.9975,0.5384615384615384,0.5714285714285714
506115095,bing,cpc,desktop,4248,3700,37,2927.7999999999984,682,7,0.0614406779661017,0.9385593220338984,0.008709981167608287,79.12972972972969,0.010263929618768328,5.285714285714286
506108562,bing,cpc,desktop,4230,3919,44,5169.630000000001,364,74,0.03380614657210402,0.966193853427896,0.010401891252955082,117.49159090909093,0.2032967032967033,0.5945945945945946
circle-homepage,circle,referral,mobile,4143,3281,155,14637.509999999984,2149,5,0.05841177890417572,0.9415882210958243,0.03741250301713734,94.43554838709667,0.002326663564448581,31.0
506176142,bing,cpc,desktop,4131,3156,94,11386.769999999997,579,166,0.046719922536916,0.953280077463084,0.022754780924715567,121.13585106382975,0.2867012089810017,0.5662650602409639
506176142,bing,cpc,mobile,3956,3720,21,1743.3200000000004,209,40,0.024772497472194135,0.9752275025278059,0.005308392315470172,83.01523809523812,0.19138755980861244,0.525
JDI_Impulse_2781870,outbrain,native,mobile,3920,2891,115,8098.739999999996,2435,6,0.10714285714285714,0.8928571428571429,0.029336734693877552,70.42382608695648,0.0024640657084188913,19.166666666666668
GG_Aura_Search_NB_gtwy-pc,google,cpc,desktop,3760,2668,118,10945.199999999995,1007,13,0.1327127659574468,0.8672872340425531,0.03138297872340425,92.75593220338979,0.012909632571996028,9.076923076923077
506111763,bing,cpc,tablet,3757,3198,9,1166.96,299,11,0.046047378227309026,0.953952621772691,0.0023955283470854403,129.66222222222223,0.03678929765886288,0.8181818181818182
broad_up10month21_db_hacker,facebook,paidsocial,mobile,3620,3385,56,4969.4400000000005,425,10,0.03535911602209945,0.9646408839779006,0.015469613259668509,88.74000000000001,0.023529411764705882,5.6
broad_sara,facebook,paidsocial,mobile,3504,3106,16,1389.8400000000001,152,7,0.06592465753424658,0.9340753424657534,0.0045662100456621,86.86500000000001,0.046052631578947366,2.2857142857142856
life360-balance,life360,push,mobile,3438,2793,8,364.97,69,0,0.0477021524141943,0.9522978475858057,0.002326934264107039,45.62125,0.0,0.0
(referral),wickfire,ir_affiliate,mobile,3396,2840,99,8502.079999999993,1204,4,0.040341578327444054,0.959658421672556,0.029151943462897525,85.87959595959589,0.0033222591362126247,24.75
(not set),top10,ir_affiliate,mobile,3354,1957,64,6347.689999999997,673,62,0.1398330351818724,0.8601669648181276,0.01908169350029815,99.18265624999995,0.09212481426448738,1.032258064516129
(referral),taboola,cpc,mobile,3150,2996,1,129.99,28,1,0.06063492063492063,0.9393650793650794,0.00031746031746031746,129.99,0.03571428571428571,1.0
(not set),amex,(not set),mobile,3101,2365,29,4435.849999999999,238,40,0.025153176394711384,0.9748468236052886,0.009351821992905514,152.9603448275862,0.16806722689075632,0.725
(not set),forbes,ir_affiliate,desktop,3080,398,32,4954.0,200,38,0.08149350649350649,0.9185064935064935,0.01038961038961039,154.8125,0.19,0.8421052631578947
lal_currentcustomers5_lowerfunnelftprove_subscribe,facebook,paidsocial,mobile,3061,2636,41,329.99,531,5,0.037242731133616466,0.9627572688663836,0.013394315583142764,8.048536585365854,0.009416195856873822,8.2
506108562,bing,cpc,mobile,3053,2776,39,2734.48,335,74,0.037667867671143135,0.9623321323288568,0.012774320340648543,70.11487179487179,0.2208955223880597,0.527027027027027
(referral),financebuzz,ir_affiliate,mobile,3048,2728,103,7533.99,569,236,0.03608923884514436,0.9639107611548556,0.03379265091863517,73.14553398058253,0.4147627416520211,0.4364406779661017
(not set),conadvo,ir_affiliate,mobile,3004,1509,55,6307.7699999999995,653,72,0.11717709720372836,0.8828229027962716,0.018308921438082555,114.68672727272727,0.11026033690658499,0.7638888888888888
broad_dangersofspam,facebook,paidsocial,mobile,2920,2666,47,4154.539999999999,413,16,0.04589041095890411,0.9541095890410959,0.016095890410958904,88.39446808510637,0.0387409200968523,2.9375
(referral),wickfire,ir_affiliate,desktop,2912,2324,79,7431.119999999994,754,17,0.0989010989010989,0.9010989010989011,0.02712912087912088,94.0648101265822,0.022546419098143235,4.647058823529412
(referral),rakuten,ir_affiliate,desktop,2906,1107,37,6519.38,153,54,0.16448726772195457,0.8355127322780455,0.012732278045423262,176.19945945945946,0.35294117647058826,0.6851851851851852
(referral),idpr,ir_affiliate,tablet,2904,2449,95,11147.189999999999,998,158,0.03340220385674931,0.9665977961432507,0.03271349862258953,117.33884210526314,0.15831663326653306,0.6012658227848101
lal_currentcustomers5_lowerfunnelftdboo_subscribe,facebook,paidsocial,desktop,2902,2240,104,1140.8700000000001,1582,23,0.03652653342522398,0.9634734665747761,0.03583735354927636,10.969903846153848,0.014538558786346398,4.521739130434782
rmk_sitevisitors,facebook,paidsocial,tablet,2873,2163,21,1988.8100000000002,326,11,0.06717716672467804,0.932822833275322,0.007309432648799165,94.7052380952381,0.03374233128834356,1.9090909090909092
balance_teentalk_osaw,facebook,paidsocial,mobile,2829,2766,26,1294.8899999999999,90,0,0.02545068928950159,0.9745493107104984,0.009190526687875575,49.803461538461534,0.0,0.0
(referral),ski001,ir_affiliate,desktop,2815,1189,3,288.0,22,9,0.03374777975133215,0.9662522202486679,0.0010657193605683837,96.0,0.4090909090909091,0.3333333333333333
(referral),banyantree,ir_affiliate,desktop,2704,1447,273,39634.659999999996,1026,314,0.11649408284023668,0.8835059171597633,0.10096153846153846,145.18190476190475,0.3060428849902534,0.8694267515923567
(referral),moonshot,ir_affiliate,mobile,2704,2262,264,20535.440000000002,1147,45,0.03328402366863906,0.966715976331361,0.09763313609467456,77.78575757575759,0.03923278116826504,5.866666666666666
GG_Aura_Search_Brand_gtwy-av,google,cpc,desktop,2704,1652,141,14776.47999999999,711,74,0.08247041420118344,0.9175295857988166,0.052144970414201186,104.79773049645384,0.10407876230661041,1.9054054054054055
circle-homepage,circle,referral,desktop,2702,1794,85,7990.189999999991,897,5,0.12916358253145818,0.8708364174685418,0.03145817912657291,94.00223529411754,0.005574136008918618,17.0
balance_parentingpressure_ow,facebook,paidsocial,mobile,2669,2602,2,112.99,15,0,0.06631697264893219,0.9336830273510678,0.0007493443237167478,56.495,0.0,0.0
(not set),meridianmag,ir_affiliate,desktop,2610,2541,1,300.0,10,1,0.09693486590038314,0.9030651340996169,0.0003831417624521073,300.0,0.1,1.0
broad_auratesting2,facebook,paidsocial,mobile,2591,2450,38,3049.6199999999994,328,10,0.04361250482439213,0.9563874951756078,0.01466615206483983,80.25315789473683,0.03048780487804878,3.8
(referral),ntp.msn.com,referral,desktop,2551,402,4,268.0,10,4,0.022344178753430026,0.97765582124657,0.0015680125441003528,67.0,0.4,1.0
broad_av,facebook,paidsocial,tablet,2549,2162,15,1439.8500000000001,169,3,0.0506080816006277,0.9493919183993723,0.005884660651235779,95.99000000000001,0.01775147928994083,5.0
GG_Aura_Search_Dynamic,google,cpc,desktop,2480,1631,82,10587.389999999996,469,68,0.08548387096774193,0.9145161290322581,0.03306451612903226,129.1145121951219,0.14498933901918976,1.2058823529411764
(referral),forbes,ir_affiliate,desktop,2471,1688,298,46917.53,1045,452,0.11574261432618373,0.8842573856738163,0.12059894779441521,157.44137583892618,0.4325358851674641,0.6592920353982301
lal_currentcustomers5,facebook,paidsocial,tablet,2429,2138,20,2059.8,211,9,0.06010703993412927,0.9398929600658708,0.008233841086867023,102.99000000000001,0.04265402843601896,2.2222222222222223
GG_Aura_PerformanceMax_NB_gtwy-pc,google,cpc,mobile,2423,2168,31,1884.8300000000002,518,4,0.15187783739166322,0.8481221626083367,0.012794056954189021,60.80096774193549,0.007722007722007722,7.75
(organic),influencelogic,influencer,mobile,2387,1827,117,12277.869999999999,832,60,0.13531629660661917,0.8646837033933809,0.04901550062840385,104.93905982905981,0.07211538461538461,1.95
(referral),m.facebook.com,referral,mobile,2382,2277,13,1355.97,167,20,0.021410579345088162,0.9785894206549118,0.0054575986565911,104.30538461538461,0.11976047904191617,0.65
(not set),buyersguide,ir_affiliate,desktop,2377,518,23,3797.88,233,39,0.07278081615481699,0.927219183845183,0.009676062263357174,165.12521739130435,0.16738197424892703,0.5897435897435898
av-intro,conadvo,ir_affiliate,tablet,2161,1636,166,13998.139999999987,1070,42,0.03701989819527996,0.96298010180472,0.07681628875520592,84.32614457831318,0.03925233644859813,3.9523809523809526
fedvip-reminder-2025,fedvip,email,mobile,2150,1521,0,0.0,771,1,0.04883720930232558,0.9511627906976744,0.0,0.0,0.0012970168612191958,0.0
lal_currentcustomers1,facebook,paidsocial,desktop,2144,1490,63,6651.429999999997,299,38,0.0960820895522388,0.9039179104477612,0.029384328358208957,105.57825396825392,0.12709030100334448,1.6578947368421053
(referral),chatgpt.com,referral,desktop,2140,1153,107,19292.99,264,145,0.152803738317757,0.847196261682243,0.05,180.30831775700935,0.5492424242424242,0.7379310344827587
(organic),bing,organic,tablet,2112,1416,4,665.0,41,11,0.054450757575757576,0.9455492424242424,0.001893939393939394,166.25,0.2682926829268293,0.36363636363636365
(not set),peachjar,ir_affiliate,mobile,2081,1646,16,1579.84,347,1,0.07592503604036521,0.9240749639596348,0.0076886112445939455,98.74,0.002881844380403458,16.0
(referral),banyantree,ir_affiliate,mobile,2035,1669,181,17960.949999999993,1043,245,0.02800982800982801,0.971990171990172,0.08894348894348894,99.23176795580108,0.2348993288590604,0.7387755102040816
(not set),ski001,ir_affiliate,desktop,1987,863,3,293.0,59,9,0.0498238550578762,0.9501761449421238,0.001509813789632612,97.66666666666667,0.15254237288135594,0.3333333333333333
av-intro,forbes,ir_affiliate,desktop,1987,1526,107,11539.02999999999,687,56,0.0840463009562154,0.9159536990437847,0.05385002516356316,107.84140186915879,0.08151382823871907,1.9107142857142858
(referral),troypoint,ir_affiliate,mobile,1966,1407,41,4950.0,276,83,0.03255340793489318,0.9674465920651069,0.020854526958290945,120.73170731707317,0.3007246376811594,0.4939759036144578
(referral),safehome,ir_affiliate,desktop,1965,1184,103,14735.519999999999,560,148,0.10687022900763359,0.8931297709923665,0.052417302798982185,143.06330097087377,0.2642857142857143,0.6959459459459459
JDI_Impulse_2935385,outbrain,native,desktop,1956,1738,133,9196.689999999995,1113,11,0.04294478527607362,0.9570552147239264,0.0679959100204499,69.14804511278192,0.009883198562443846,12.090909090909092
GG_Aura_Search_Competitors,google,cpc,tablet,1936,1637,63,6307.39,386,97,0.03977272727272727,0.9602272727272727,0.03254132231404959,100.1173015873016,0.25129533678756477,0.6494845360824743
krg,streaming-listen,radio,mobile,1905,1600,1,15.0,15,1,0.08031496062992126,0.9196850393700787,0.0005249343832020997,15.0,0.06666666666666667,1.0
(referral),futureplc,ir_affiliate,mobile,1833,1565,64,6815.339999999997,722,64,0.03382433169667212,0.9661756683033279,0.03491543917075832,106.48968749999996,0.0886426592797784,1.0
506187877,bing,cpc,desktop,1811,1155,133,13106.599999999991,706,85,0.07840971838763114,0.9215902816123689,0.07344008834897847,98.54586466165406,0.12039660056657224,1.5647058823529412
broad_fairytales,facebook,paidsocial,mobile,1753,1548,12,1079.88,115,4,0.047347404449515115,0.9526525955504849,0.0068454078722190535,89.99000000000001,0.034782608695652174,3.0
(referral),influencelogic,influencer,tablet,1739,1546,26,3490.0,266,25,0.039102932719954,0.960897067280046,0.014951121334100058,134.23076923076923,0.09398496240601503,1.04
(referral),top10,ir_affiliate,tablet,1703,1327,126,12787.509999999997,674,218,0.02701115678214915,0.9729888432178508,0.0739870816206694,101.48817460317457,0.32344213649851633,0.5779816513761468
(not set),banyantree,ir_affiliate,mobile,1671,949,49,5179.679999999999,401,60,0.07001795332136446,0.9299820466786356,0.029323758228605626,105.7077551020408,0.14962593516209477,0.8166666666666667
GG_Aura_Search_Competitors_gtwy-av,google,cpc,mobile,1665,1507,45,3194.8099999999977,481,26,0.03303303303303303,0.9669669669669669,0.02702702702702703,70.99577777777773,0.05405405405405406,1.7307692307692308
activation-reminderseries-2025,secondnature,email,mobile,1664,1052,0,0.0,53,0,0.036057692307692304,0.9639423076923077,0.0,0.0,0.0,0.0
av-intro,cvoice,ir_affiliate,desktop,1664,1289,92,9667.039999999992,547,40,0.07151442307692307,0.9284855769230769,0.055288461538461536,105.07652173913034,0.07312614259597806,2.3
GG_Aura_Search_NB_gtwy-av,google,cpc,desktop,1655,1388,71,6652.099999999993,393,19,0.05861027190332326,0.9413897280966768,0.042900302114803626,93.69154929577455,0.04834605597964377,3.736842105263158
(not set),influencelogic,influencer,tablet,1618,981,52,6648.88,409,49,0.0834363411619283,0.9165636588380717,0.032138442521631644,127.86307692307693,0.1198044009779951,1.0612244897959184
broad_up10creditcardvsaura,facebook,paidsocial,mobile,1614,1467,9,744.9200000000001,84,4,0.04894671623296159,0.9510532837670385,0.0055762081784386614,82.7688888888889,0.047619047619047616,2.25
(referral),safehome,ir_affiliate,mobile,1594,1282,48,4568.62,461,113,0.024466750313676285,0.9755332496863237,0.030112923462986198,95.17958333333333,0.24511930585683298,0.4247787610619469
VPN,idpr,ir_affiliate,desktop,1570,1469,12,943.8900000000001,227,8,0.03503184713375796,0.964968152866242,0.007643312101910828,78.65750000000001,0.03524229074889868,1.5
GG_Aura_PerformanceMax_NB,google,cpc,tablet,1526,1288,16,1747.1200000000001,162,28,0.063564875491481,0.936435124508519,0.010484927916120577,109.19500000000001,0.1728395061728395,0.5714285714285714
(referral),meetcircle.com,referral,mobile,1524,1188,36,4136.539999999998,504,8,0.062335958005249346,0.9376640419947506,0.023622047244094488,114.90388888888884,0.015873015873015872,4.5
GG_Aura_DemandGen_Sandbox,google,cpc,tablet,1511,1221,11,803.97,152,13,0.053606882859033755,0.9463931171409663,0.00727994705493051,73.08818181818182,0.08552631578947369,0.8461538461538461
(not set),buyersguide,ir_affiliate,mobile,1500,822,22,1847.0,218,36,0.11533333333333333,0.8846666666666667,0.014666666666666666,83.95454545454545,0.1651376146788991,0.6111111111111112
(referral),servicing.online.metlife.com,referral,desktop,1497,1087,1,120.0,203,0,0.07348029392117568,0.9265197060788243,0.0006680026720106881,120.0,0.0,0.0
(referral),financebuzz,ir_affiliate,desktop,1494,1278,38,3042.0,209,75,0.06291834002677377,0.9370816599732262,0.025435073627844713,80.05263157894737,0.3588516746411483,0.5066666666666667
JDI_Impulse_2935479,mediago,native,mobile,1484,1196,101,10098.989999999996,1041,3,0.0444743935309973,0.9555256064690026,0.06805929919137467,99.98999999999997,0.002881844380403458,33.666666666666664
broad_up10_month22,facebook,paidsocial,mobile,1464,1317,10,999.9,125,2,0.05122950819672131,0.9487704918032787,0.006830601092896175,99.99,0.016,5.0
life360_topparents,facebook,paidsocial,mobile,1461,1356,11,1099.8899999999999,139,0,0.03764544832306639,0.9623545516769336,0.007529089664613279,99.99,0.0,0.0
(not set),rakuten,ir_affiliate,mobile,1455,1379,32,3844.88,128,60,0.009621993127147767,0.9903780068728523,0.021993127147766325,120.1525,0.46875,0.5333333333333333
av-intro,AntivirusReviews,ir_affiliate,desktop,1443,1054,65,6375.359999999995,445,22,0.08662508662508663,0.9133749133749134,0.04504504504504504,98.08246153846146,0.04943820224719101,2.9545454545454546
(referral),job-boards.greenhouse.io,referral,desktop,1439,1160,0,0.0,0,0,0.08061153578874218,0.9193884642112579,0.0,0.0,0.0,0.0
av-intro,forbes,ir_affiliate,mobile,1435,1146,58,5309.339999999998,405,17,0.037630662020905925,0.9623693379790941,0.04041811846689895,91.54034482758618,0.04197530864197531,3.411764705882353
(referral),peachjar,ir_affiliate,mobile,1429,1194,23,2299.77,337,3,0.028691392582225334,0.9713086074177747,0.01609517144856543,99.99,0.008902077151335312,7.666666666666667
(referral),antivirusguide,ir_affiliate,tablet,1426,1280,34,2649.6599999999994,615,9,0.04207573632538569,0.9579242636746143,0.023842917251051893,77.93117647058821,0.014634146341463415,3.7777777777777777
(referral),meetcircle.com,referral,desktop,1375,1026,17,1570.85,293,0,0.11927272727272727,0.8807272727272727,0.012363636363636363,92.40294117647058,0.0,0.0
19665933250,google,cpc,desktop,1370,470,4,535.75,42,3,0.072992700729927,0.927007299270073,0.00291970802919708,133.9375,0.07142857142857142,1.3333333333333333
(not set),modemobile,ir_affiliate,desktop,1367,1349,0,0.0,3,0,0.16093635698610095,0.839063643013899,0.0,0.0,0.0,0.0
506115095,bing,cpc,mobile,1365,1219,7,679.94,235,4,0.05787545787545788,0.9421245421245421,0.005128205128205128,97.13428571428572,0.01702127659574468,1.75
life360-announcement,life360,blog,mobile,1359,784,37,4003.649999999999,163,5,0.051508462104488596,0.9484915378955114,0.027225901398086828,108.20675675675673,0.03067484662576687,7.4
shawnryan,pod-srs,podcast,mobile,1345,889,51,6143.0,190,40,0.058736059479553904,0.9412639405204462,0.0379182156133829,120.45098039215686,0.21052631578947367,1.275
thrive_productivity,facebook,paidsocial,mobile,1328,1237,20,59.80000000000001,129,1,0.03313253012048193,0.9668674698795181,0.015060240963855422,2.9900000000000007,0.007751937984496124,20.0
(organic),secureup,ir_affiliate,desktop,1304,874,0,0.0,0,0,0.0,1.0,0.0,0.0,0.0,0.0
GG_Aura_ShoppingAds_gtwy-av,google,cpc,mobile,1290,1076,30,2728.4999999999986,285,19,0.03488372093023256,0.9651162790697675,0.023255813953488372,90.94999999999996,0.06666666666666667,1.5789473684210527
(referral),linkedin.com,referral,mobile,1272,1155,5,903.96,2,1,0.012578616352201259,0.9874213836477987,0.003930817610062893,180.792,0.5,5.0
19665933250,google,cpc,mobile,1269,854,19,1595.85,117,27,0.08904649330181245,0.9109535066981875,0.014972419227738377,83.9921052631579,0.23076923076923078,0.7037037037037037
(referral),futureplc,ir_affiliate,desktop,1262,999,57,8080.839999999998,491,68,0.09984152139461172,0.9001584786053882,0.045166402535657686,141.7691228070175,0.1384928716904277,0.8382352941176471
JDI_Impulse_2935382,outbrain,native,mobile,1256,1093,69,7063.319999999997,917,5,0.041401273885350316,0.9585987261146497,0.05493630573248408,102.36695652173908,0.0054525627044711015,13.8
(referral),facebook.com,referral,desktop,1251,1143,0,0.0,81,0,0.019984012789768184,0.9800159872102319,0.0,0.0,0.0,0.0
(referral),members.legalplans.com,referral,desktop,1196,650,1,384.0,264,4,0.11789297658862877,0.8821070234113713,0.0008361204013377926,384.0,0.015151515151515152,0.25
(not set),aurapartners,ir_affiliate,desktop,1184,756,18,2928.0,93,27,0.14864864864864866,0.8513513513513513,0.015202702702702704,162.66666666666666,0.2903225806451613,0.6666666666666666
GG_Aura_YouTube_RMK,google,cpc,tablet,1174,961,8,714.97,78,3,0.12350936967632027,0.8764906303236797,0.0068143100511073255,89.37125,0.038461538461538464,2.6666666666666665
22303907484,google,cpc,mobile,1167,1057,10,1163.94,64,5,0.0934018851756641,0.9065981148243359,0.00856898029134533,116.394,0.078125,2.0
(referral),linkedin.com,referral,desktop,1129,591,20,726.97,21,7,0.14437555358724535,0.8556244464127547,0.01771479185119575,36.3485,0.3333333333333333,2.857142857142857
JDI_Impulse_3054204,outbrain,native,mobile,1129,955,75,7412.259999999997,822,4,0.04428697962798937,0.9557130203720107,0.06643046944198405,98.8301333333333,0.004866180048661801,18.75
thrive_mentalhealth,facebook,paidsocial,mobile,1113,1018,24,71.76,147,0,0.029649595687331536,0.9703504043126685,0.0215633423180593,2.99,0.0,0.0
ftr_dboo-ib,(not set),(not set),desktop,1111,459,124,5870.369999999999,246,12,0.24122412241224123,0.7587758775877588,0.1116111611161116,47.34169354838709,0.04878048780487805,10.333333333333334
(referral),parentacontrol,ir_affiliate,desktop,1109,848,42,3706.669999999998,401,4,0.1109107303877367,0.8890892696122633,0.03787195671776375,88.25404761904757,0.00997506234413965,10.5
thrive,facebook,paidsocial,mobile,1107,1023,12,35.88,112,0,0.02710027100271003,0.9728997289972899,0.01084010840108401,2.99,0.0,0.0
(not set),rakuten,ir_affiliate,desktop,1101,222,12,1432.6100000000001,50,9,0.1335149863760218,0.8664850136239782,0.010899182561307902,119.38416666666667,0.18,1.3333333333333333
(organic),ecosia.org,organic,mobile,1096,824,6,735.0,40,11,0.03375912408759124,0.9662408759124088,0.005474452554744526,122.5,0.275,0.5454545454545454
JDI_Impulse_3057507,taboola,native,desktop,1090,906,73,7343.279999999998,531,2,0.05596330275229358,0.9440366972477064,0.06697247706422019,100.59287671232875,0.003766478342749529,36.5
(referral),forbes,ir_affiliate,mobile,1085,753,104,13392.15,416,172,0.035944700460829496,0.9640552995391705,0.09585253456221199,128.77067307692306,0.41346153846153844,0.6046511627906976
(not set),safehome,ir_affiliate,desktop,1084,255,14,2693.76,79,18,0.12730627306273062,0.8726937269372693,0.012915129151291513,192.4114285714286,0.22784810126582278,0.7777777777777778
broad_rdjconform,facebook,paidsocial,mobile,1060,1009,13,1119.87,72,4,0.0660377358490566,0.9339622641509434,0.012264150943396227,86.14384615384614,0.05555555555555555,3.25
(referral),troypoint,ir_affiliate,desktop,1049,781,38,5300.0,168,69,0.08007626310772165,0.9199237368922784,0.03622497616777884,139.47368421052633,0.4107142857142857,0.5507246376811594
lal_currentcustomers5_lowerfunnelft_dbs,facebook,paidsocial,mobile,1048,962,5,25.0,166,0,0.03721374045801527,0.9627862595419847,0.004770992366412214,5.0,0.0,0.0
broad_auratesting,facebook,paidsocial,tablet,1046,895,10,939.9000000000001,124,4,0.06022944550669216,0.9397705544933078,0.009560229445506692,93.99000000000001,0.03225806451612903,2.5
GG_Aura_Search_NB_ID_gtwy-idt,google,cpc,tablet,1034,851,33,4081.520000000001,185,56,0.02611218568665377,0.9738878143133463,0.031914893617021274,123.68242424242428,0.3027027027027027,0.5892857142857143
broad_breach,facebook,paidsocial,mobile,1029,917,6,479.93999999999994,54,1,0.05830903790087463,0.9416909620991254,0.0058309037900874635,79.99,0.018518518518518517,6.0
(referral),allaboutcookies.org,referral,mobile,995,931,1,99.99,665,30,0.021105527638190954,0.978894472361809,0.0010050251256281408,99.99,0.045112781954887216,0.03333333333333333
(organic),influencelogic,influencer,desktop,987,713,45,7525.63,227,49,0.15501519756838905,0.8449848024316109,0.04559270516717325,167.23622222222224,0.21585903083700442,0.9183673469387755
(cross-network),(data not available),(data not available),desktop,978,957,49,5281.66,240,52,0.012269938650306749,0.9877300613496932,0.050102249488752554,107.78897959183674,0.21666666666666667,0.9423076923076923
(not set),aurapartners,ir_affiliate,mobile,978,698,7,792.0,102,14,0.0736196319018405,0.9263803680981595,0.007157464212678937,113.14285714285714,0.13725490196078433,0.5
19982067071,google,cpc,mobile,974,859,7,671.88,89,6,0.10985626283367557,0.8901437371663244,0.007186858316221766,95.98285714285714,0.06741573033707865,1.1666666666666667
ryantrahan-50,youtube,influencer,mobile,973,704,16,1599.84,145,1,0.05447070914696814,0.9455292908530318,0.01644398766700925,99.99,0.006896551724137931,16.0
(referral),usnews,ir_affiliate,desktop,969,575,82,12957.76,308,113,0.10939112487100103,0.890608875128999,0.0846233230134159,158.02146341463416,0.36688311688311687,0.7256637168141593
life360_parentsover50,facebook,paidsocial,mobile,968,904,3,269.96999999999997,56,1,0.06921487603305786,0.9307851239669421,0.0030991735537190084,89.99,0.017857142857142856,3.0
broad_up10government,facebook,paidsocial,mobile,953,889,8,619.92,51,0,0.06610703043022036,0.9338929695697796,0.008394543546694649,77.49,0.0,0.0
(referral),cnet,ir_affiliate,desktop,952,673,75,11926.16,288,103,0.12394957983193278,0.8760504201680672,0.07878151260504201,159.01546666666667,0.3576388888888889,0.7281553398058253
(referral),chromewebstore.google.com,referral,desktop,940,304,0,0.0,4,2,0.07234042553191489,0.9276595744680851,0.0,0.0,0.5,0.0
GG_Aura_PerformanceMax_NB_gtwy-pc,google,cpc,desktop,940,833,26,1780.8600000000001,160,2,0.08829787234042553,0.9117021276595745,0.027659574468085105,68.49461538461539,0.0125,13.0
(referral),identityguard.com,referral,mobile,938,818,15,1248.0,118,18,0.031982942430703626,0.9680170575692963,0.015991471215351813,83.2,0.15254237288135594,0.8333333333333334
(referral),my.identityguard.com,referral,desktop,922,754,9,1643.88,27,13,0.0911062906724512,0.9088937093275488,0.009761388286334056,182.65333333333334,0.48148148148148145,0.6923076923076923
(not set),kitboga,influencer,desktop,921,306,37,4581.0,118,42,0.11617806731813246,0.8838219326818675,0.04017372421281216,123.8108108108108,0.3559322033898305,0.8809523809523809
506069991,bing,cpc,tablet,917,503,13,1488.25,141,37,0.05561613958560523,0.9443838604143948,0.014176663031624863,114.48076923076923,0.2624113475177305,0.35135135135135137
(referral),conadvo,ir_affiliate,tablet,888,658,44,4788.849999999999,238,98,0.03265765765765766,0.9673423423423423,0.04954954954954955,108.83749999999999,0.4117647058823529,0.4489795918367347
(referral),intxprivacynow.atlassian.net,referral,desktop,882,58,135,8296.27709,94,14,0.14399092970521543,0.8560090702947846,0.15306122448979592,61.45390437037037,0.14893617021276595,9.642857142857142
(not set),cnet,ir_affiliate,desktop,868,203,13,2670.0,61,15,0.08870967741935484,0.9112903225806451,0.014976958525345621,205.3846153846154,0.2459016393442623,0.8666666666666667
(referral),AntivirusReviews,ir_affiliate,mobile,868,779,14,1079.8600000000001,101,3,0.03225806451612903,0.967741935483871,0.016129032258064516,77.13285714285715,0.0297029702970297,4.666666666666667
(referral),identityguard.com,referral,desktop,857,563,7,918.4100000000001,19,8,0.11668611435239207,0.8833138856476079,0.008168028004667444,131.20142857142858,0.42105263157894735,0.875
(not set),chatgpt.com,(not set),mobile,852,688,19,2139.86,134,33,0.04342723004694836,0.9565727699530516,0.022300469483568074,112.62421052631579,0.2462686567164179,0.5757575757575758
broad_up10_month21_medical_insurance,facebook,paidsocial,mobile,847,748,13,1149.8700000000001,81,5,0.06257378984651712,0.9374262101534829,0.015348288075560802,88.45153846153848,0.06172839506172839,2.6
(not set),troypoint,ir_affiliate,desktop,846,370,9,1752.0,36,9,0.20567375886524822,0.7943262411347518,0.010638297872340425,194.66666666666666,0.25,1.0
506211722,bing,cpc,tablet,841,760,0,0.0,32,3,0.08204518430439953,0.9179548156956004,0.0,0.0,0.09375,0.0
(referral),aurapartners,ir_affiliate,desktop,819,727,12,1734.0,62,19,0.231990231990232,0.7680097680097681,0.014652014652014652,144.5,0.3064516129032258,0.631578947368421
(not set),futureplc,ir_affiliate,desktop,808,297,12,2011.96,61,13,0.13861386138613863,0.8613861386138614,0.01485148514851485,167.66333333333333,0.21311475409836064,0.9230769230769231
VPN,forbes,ir_affiliate,desktop,808,730,10,814.9000000000001,150,5,0.05693069306930693,0.943069306930693,0.012376237623762377,81.49000000000001,0.03333333333333333,2.0
120212256068810334,l.facebook.com,paid,mobile,795,776,23,2029.7700000000002,119,6,0.025157232704402517,0.9748427672955975,0.028930817610062894,88.2508695652174,0.05042016806722689,3.8333333333333335
VPN,AntivirusReviews,ir_affiliate,mobile,795,686,16,1342.8600000000001,158,4,0.0389937106918239,0.9610062893081761,0.02012578616352201,83.92875000000001,0.02531645569620253,4.0
GG_Thrive_Search_NB,google,cpc,desktop,793,750,0,0.0,63,0,0.06935687263556116,0.9306431273644389,0.0,0.0,0.0,0.0
broad_up10odds,facebook,paidsocial,mobile,788,694,2,169.98,44,0,0.04187817258883249,0.9581218274111675,0.0025380710659898475,84.99,0.0,0.0
(not set),usnews,ir_affiliate,desktop,787,142,10,2040.0,63,12,0.07878017789072427,0.9212198221092758,0.012706480304955527,204.0,0.19047619047619047,0.8333333333333334
(not set),parentacontrol,ir_affiliate,mobile,786,525,13,1299.89,193,0,0.22264631043256997,0.77735368956743,0.01653944020356234,99.99153846153847,0.0,0.0
linktree,instagram,organic-social,mobile,784,735,16,1797.86,71,11,0.007653061224489796,0.9923469387755102,0.02040816326530612,112.36625,0.15492957746478872,1.4545454545454546
(not set),antivirusguide,ir_affiliate,mobile,783,581,7,539.82,258,1,0.13793103448275862,0.8620689655172413,0.008939974457215836,77.11714285714287,0.003875968992248062,7.0
(not set),google,cpc,desktop,780,755,0,0.0,3,0,0.026923076923076925,0.9730769230769231,0.0,0.0,0.0,0.0
(organic),ecosia.org,organic,desktop,764,434,3,537.99,24,6,0.10863874345549739,0.8913612565445026,0.003926701570680628,179.33,0.25,0.5
(not set),financebuzz,ir_affiliate,mobile,762,616,42,1692.0,145,65,0.05774278215223097,0.9422572178477691,0.05511811023622047,40.285714285714285,0.4482758620689655,0.6461538461538462
VPN,forbes,ir_affiliate,mobile,759,684,8,1003.9300000000001,115,4,0.0461133069828722,0.9538866930171278,0.010540184453227932,125.49125000000001,0.034782608695652174,2.0
freetools,instagram,organic-social,mobile,752,676,14,85.0,273,1,0.011968085106382979,0.988031914893617,0.018617021276595744,6.071428571428571,0.003663003663003663,14.0
av-intro,cybernews,ir_affiliate,mobile,751,597,30,2271.72,214,5,0.045272969374167776,0.9547270306258322,0.03994673768308921,75.72399999999999,0.02336448598130841,6.0
(referral),servicing.online.metlife.com,referral,mobile,742,528,0,0.0,114,2,0.03099730458221024,0.9690026954177897,0.0,0.0,0.017543859649122806,0.0
VPN,antivirusguide,ir_affiliate,desktop,738,683,8,462.92,132,7,0.028455284552845527,0.9715447154471545,0.01084010840108401,57.865,0.05303030303030303,1.1428571428571428
506187878,bing,cpc,tablet,736,639,4,279.96,48,0,0.059782608695652176,0.9402173913043478,0.005434782608695652,69.99,0.0,0.0
(not set),militarycom,(not set),desktop,733,69,11,2136.0,32,13,0.06821282401091405,0.931787175989086,0.015006821282401092,194.1818181818182,0.40625,0.8461538461538461
(not set),financebuzz,ir_affiliate,desktop,724,433,19,420.0,63,23,0.06353591160220995,0.93646408839779,0.026243093922651933,22.105263157894736,0.36507936507936506,0.8260869565217391
g_fedlegal_3q23_MetLife,metlifefedvipsite,display,desktop,713,477,0,0.0,260,0,0.07012622720897616,0.9298737727910238,0.0,0.0,0.0,0.0
brand-rdj-veteransday,rdj,brand-influencer,mobile,707,706,1,15.0,21,0,0.011315417256011316,0.9886845827439887,0.0014144271570014145,15.0,0.0,0.0
(organic),aol,organic,desktop,704,499,7,1110.0,15,10,0.028409090909090908,0.9715909090909091,0.009943181818181818,158.57142857142858,0.6666666666666666,0.7
JDI_Impulse_2935409,taboola,native,desktop,700,589,40,2867.6099999999988,409,3,0.04285714285714286,0.9571428571428572,0.05714285714285714,71.69024999999996,0.007334963325183374,13.333333333333334
(not set),antivirusguide,ir_affiliate,desktop,687,370,10,1119.9,129,3,0.1586608442503639,0.8413391557496361,0.01455604075691412,111.99000000000001,0.023255813953488372,3.3333333333333335
(referral),youtube.com,referral,desktop,676,385,6,726.0,51,8,0.11982248520710059,0.8801775147928994,0.008875739644970414,121.0,0.1568627450980392,0.75
(referral),app.asana.com,referral,desktop,666,53,0,0.0,434,2,0.11561561561561562,0.8843843843843844,0.0,0.0,0.004608294930875576,0.0
(referral),partnermatic,ir_affiliate,desktop,662,255,4,650.76,22,5,0.1661631419939577,0.8338368580060423,0.006042296072507553,162.69,0.22727272727272727,0.8
(referral),globalimpactfinance,ir_affiliate,mobile,661,634,2,25.990000000000002,89,6,0.02723146747352496,0.972768532526475,0.0030257186081694403,12.995000000000001,0.06741573033707865,0.3333333333333333
(referral),taboola,cpc,desktop,656,363,0,0.0,0,0,0.07164634146341463,0.9283536585365854,0.0,0.0,0.0,0.0
(referral),allaboutprivacy,ir_affiliate,mobile,653,570,42,3751.6799999999994,249,52,0.019908116385911178,0.9800918836140888,0.06431852986217458,89.32571428571427,0.20883534136546184,0.8076923076923077
av-intro,AntivirusReviews,ir_affiliate,tablet,652,501,35,2879.6699999999987,218,5,0.04447852760736196,0.9555214723926381,0.05368098159509203,82.27628571428568,0.022935779816513763,7.0
(not set),modemobile,ir_affiliate,mobile,647,578,2,396.0,23,6,0.0571870170015456,0.9428129829984544,0.0030911901081916537,198.0,0.2608695652173913,0.3333333333333333
(not set),kitboga,influencer,mobile,643,388,52,3686.0,269,31,0.07309486780715396,0.926905132192846,0.08087091757387248,70.88461538461539,0.11524163568773234,1.6774193548387097
(referral),form.us.openclinica.io,referral,mobile,643,371,330,0.0,1037,415,0.024883359253499222,0.9751166407465007,0.5132192846034215,0.0,0.40019286403085824,0.7951807228915663
broad_up10mike,facebook,paidsocial,mobile,639,594,1,69.99,28,1,0.054773082942097026,0.945226917057903,0.001564945226917058,69.99,0.03571428571428571,1.0
JDI_Impulse_2935407,taboola,native,mobile,635,554,39,3869.6099999999997,442,0,0.10708661417322834,0.8929133858267716,0.06141732283464567,99.22076923076922,0.0,0.0
21277047044,google,cpc,mobile,632,531,5,278.73,35,11,0.04430379746835443,0.9556962025316456,0.007911392405063292,55.746,0.3142857142857143,0.45454545454545453
(not set),futureplc,ir_affiliate,mobile,629,495,10,1440.97,75,7,0.10174880763116058,0.8982511923688394,0.01589825119236884,144.097,0.09333333333333334,1.4285714285714286
broad_attbreach,facebook,paidsocial,mobile,619,580,5,529.95,52,3,0.030694668820678513,0.9693053311793215,0.008077544426494346,105.99000000000001,0.057692307692307696,1.6666666666666667
life360_pc,facebook,paidsocial,tablet,615,395,0,0.0,775,0,0.4195121951219512,0.5804878048780487,0.0,0.0,0.0,0.0
(referral),cnet,ir_affiliate,mobile,613,451,48,5918.7300000000005,181,68,0.03588907014681892,0.964110929853181,0.07830342577487764,123.306875,0.3756906077348066,0.7058823529411765
(not set),(not set),(not set),tablet,611,589,14,1475.85,48,36,0.9869067103109657,0.01309328968903437,0.022913256955810146,105.41785714285713,0.75,0.3888888888888889
eb-fedvip,fedvip,email,mobile,609,450,1,384.0,202,1,0.06732348111658457,0.9326765188834154,0.0016420361247947454,384.0,0.0049504950495049506,1.0
interests_lifelock,facebook,paidsocial,tablet,608,523,12,1379.88,87,6,0.06907894736842106,0.930921052631579,0.019736842105263157,114.99000000000001,0.06896551724137931,2.0
GG_Aura_ShoppingAds_gtwy-av,google,cpc,desktop,607,395,32,2649.7099999999996,130,12,0.06589785831960461,0.9341021416803954,0.05271828665568369,82.80343749999999,0.09230769230769231,2.6666666666666665
av-intro,moonshot,ir_affiliate,tablet,605,496,37,3215.5199999999973,175,8,0.019834710743801654,0.9801652892561984,0.06115702479338843,86.90594594594587,0.045714285714285714,4.625
(not set),amex,(not set),desktop,598,250,7,1371.0,31,13,0.061872909698996656,0.9381270903010034,0.011705685618729096,195.85714285714286,0.41935483870967744,0.5384615384615384
(not set),troypoint,ir_affiliate,mobile,597,390,4,528.0,51,8,0.09212730318257957,0.9078726968174204,0.006700167504187605,132.0,0.1568627450980392,0.5
(referral),statics.teams.cdn.office.net,referral,desktop,597,276,10,852.0,55,8,0.16415410385259632,0.8358458961474037,0.01675041876046901,85.2,0.14545454545454545,1.25
(referral),buyersguide,ir_affiliate,tablet,596,452,23,2064.88,98,36,0.03859060402684564,0.9614093959731543,0.03859060402684564,89.77739130434783,0.3673469387755102,0.6388888888888888
(referral),amznusa.com,referral,desktop,593,592,0,0.0,86,0,0.026981450252951095,0.9730185497470489,0.0,0.0,0.0,0.0
GG_Aura_DemandGen_Hero,google,cpc,tablet,591,481,2,249.99,52,5,0.12690355329949238,0.8730964467005076,0.00338409475465313,124.995,0.09615384615384616,0.4
balance_bluebox_osaw,facebook,paidsocial,mobile,590,541,3,212.98,14,0,0.04915254237288136,0.9508474576271186,0.005084745762711864,70.99333333333333,0.0,0.0
lalavcustomers5,facebook,paidsocial,tablet,590,511,3,269.97,66,1,0.07457627118644068,0.9254237288135593,0.005084745762711864,89.99000000000001,0.015151515151515152,3.0
balance_teentalk_ow,facebook,paidsocial,mobile,588,579,4,683.97,9,1,0.034013605442176874,0.9659863945578231,0.006802721088435374,170.9925,0.1111111111111111,4.0
(not set),idpr,ir_affiliate,tablet,585,407,6,705.98,178,8,0.08034188034188035,0.9196581196581196,0.010256410256410256,117.66333333333334,0.0449438202247191,0.75
activation-reminderseries-2025,secondnature,email,desktop,584,469,0,0.0,18,0,0.04965753424657534,0.9503424657534246,0.0,0.0,0.0,0.0
(referral),kitboga,influencer,mobile,573,509,26,2949.0,133,14,0.05759162303664921,0.9424083769633508,0.04537521815008726,113.42307692307692,0.10526315789473684,1.8571428571428572
(not set),restoreprivacy,ir_affiliate,desktop,559,172,22,4165.88,95,33,0.06976744186046512,0.9302325581395349,0.03935599284436494,189.35818181818183,0.3473684210526316,0.6666666666666666
506115097,bing,cpc,desktop,552,362,25,2036.8200000000002,152,1,0.10507246376811594,0.894927536231884,0.04528985507246377,81.4728,0.006578947368421052,25.0
broad_alerts,facebook,paidsocial,tablet,544,473,6,659.94,43,4,0.07720588235294118,0.9227941176470589,0.011029411764705883,109.99000000000001,0.09302325581395349,1.5
GG_Aura_Search_NB_gtwy-av,google,cpc,tablet,540,492,20,1512.8200000000002,157,6,0.040740740740740744,0.9592592592592593,0.037037037037037035,75.641,0.03821656050955414,3.3333333333333335
(not set),top10,ir_affiliate,tablet,532,194,5,636.0,43,6,0.06954887218045112,0.9304511278195489,0.009398496240601503,127.2,0.13953488372093023,0.8333333333333334
(referral),kitboga,influencer,desktop,526,406,32,5128.0,125,34,0.09885931558935361,0.9011406844106464,0.060836501901140684,160.25,0.272,0.9411764705882353
october-ab-FT,braze,email,desktop,499,88,9,1257.0,30,10,0.21442885771543085,0.7855711422845691,0.018036072144288578,139.66666666666666,0.3333333333333333,0.9
eb-fedvip,fedvip,email,desktop,497,332,1,5.0,144,0,0.12072434607645875,0.8792756539235412,0.002012072434607646,5.0,0.0,0.0
broad_up10general,facebook,paidsocial,tablet,496,431,6,719.94,37,4,0.07459677419354839,0.9254032258064516,0.012096774193548387,119.99000000000001,0.10810810810810811,1.5
ryantrahan-50,youtube,influencer,desktop,496,422,3,299.96999999999997,62,2,0.04435483870967742,0.9556451612903226,0.006048387096774193,99.99,0.03225806451612903,1.5
GG_Aura_Search_NB_Credit_gtwy-credit,google,cpc,tablet,489,390,16,2007.7800000000002,66,27,0.03680981595092025,0.9631901840490797,0.032719836400818,125.48625000000001,0.4090909090909091,0.5925925925925926
(not set),forbes,ir_affiliate,mobile,484,201,14,1922.0,154,20,0.12603305785123967,0.8739669421487604,0.028925619834710745,137.28571428571428,0.12987012987012986,0.7
g_fedlegal_3q23_MetLife,metlifefedvipsite,display,mobile,483,361,0,0.0,207,0,0.028985507246376812,0.9710144927536232,0.0,0.0,0.0,0.0
av-intro,mediaforce,ir_affiliate,mobile,475,461,0,0.0,50,0,0.02736842105263158,0.9726315789473684,0.0,0.0,0.0,0.0
freetools,instagram,organic-social,desktop,475,281,12,266.0,121,4,0.08842105263157894,0.911578947368421,0.02526315789473684,22.166666666666668,0.03305785123966942,3.0
broad_sara,facebook,paidsocial,tablet,464,399,0,0.0,5,0,0.07758620689655173,0.9224137931034483,0.0,0.0,0.0,0.0
shawnryan,pod-srs,podcast,desktop,463,267,20,2306.0,58,20,0.11663066954643629,0.8833693304535637,0.04319654427645788,115.3,0.3448275862068966,1.0
(referral),l.instagram.com,referral,mobile,460,443,0,0.0,10,0,0.021739130434782608,0.9782608695652174,0.0,0.0,0.0,0.0
19982067071,google,cpc,desktop,459,370,2,183.0,39,4,0.10457516339869281,0.8954248366013072,0.004357298474945534,91.5,0.10256410256410256,0.5
(not set),safehome,ir_affiliate,mobile,450,278,5,232.0,73,7,0.11777777777777777,0.8822222222222222,0.011111111111111112,46.4,0.0958904109589041,0.7142857142857143
av-intro,wizcase,ir_affiliate,tablet,444,392,14,1129.8600000000001,76,3,0.038288288288288286,0.9617117117117117,0.03153153153153153,80.70428571428572,0.039473684210526314,4.666666666666667
life360-announcement,life360,blog,desktop,441,332,5,499.94999999999993,39,2,0.09977324263038549,0.9002267573696145,0.011337868480725623,99.98999999999998,0.05128205128205128,2.5
life360_blendedlal,facebook,paidsocial,tablet,438,411,14,519.94,99,1,0.04337899543378995,0.95662100456621,0.0319634703196347,37.13857142857143,0.010101010101010102,14.0
GG_Thrive_Search_Brand,google,cpc,mobile,426,403,4,11.96,56,0,0.03051643192488263,0.9694835680751174,0.009389671361502348,2.99,0.0,0.0
(referral),haveibeenpwned.com,referral,mobile,423,350,12,1328.0,126,42,0.02364066193853428,0.9763593380614657,0.028368794326241134,110.66666666666667,0.3333333333333333,0.2857142857142857
(referral),allaboutprivacy,ir_affiliate,desktop,419,289,25,4009.9700000000003,119,33,0.11455847255369929,0.8854415274463007,0.059665871121718374,160.39880000000002,0.2773109243697479,0.7575757575757576
rmk_sitevisitors_av,facebook,paidsocial,tablet,419,347,5,529.95,36,4,0.10023866348448687,0.8997613365155132,0.011933174224343675,105.99000000000001,0.1111111111111111,1.25
ftr_dboo-ib,(not set),(not set),tablet,416,380,35,503.98,388,5,0.11298076923076923,0.8870192307692307,0.08413461538461539,14.399428571428572,0.01288659793814433,7.0
life360_over45,facebook,paidsocial,tablet,413,318,1,5.0,44,0,0.05569007263922518,0.9443099273607748,0.002421307506053269,5.0,0.0,0.0
(organic),google,ir_affiliate,mobile,411,241,0,0.0,3,4,0.0535279805352798,0.9464720194647201,0.0,0.0,1.3333333333333333,0.0
(not set),topclassactions,ir_affiliate,mobile,406,364,2,26.0,35,17,0.019704433497536946,0.9802955665024631,0.0049261083743842365,13.0,0.4857142857142857,0.11764705882352941
(organic),duckduckgo,organic,tablet,398,264,0,0.0,12,2,0.04020100502512563,0.9597989949748744,0.0,0.0,0.16666666666666666,0.0
JDI_Impulse_2935380,outbrain,native,desktop,396,349,30,2989.5899999999992,183,3,0.07323232323232323,0.9267676767676768,0.07575757575757576,99.65299999999998,0.01639344262295082,10.0
krg,streaming-listen,radio,desktop,396,350,0,0.0,8,0,0.06313131313131314,0.9368686868686869,0.0,0.0,0.0,0.0
(referral),mail.google.com,referral,desktop,392,159,10,2313.97,42,2,0.15306122448979592,0.8469387755102041,0.025510204081632654,231.397,0.047619047619047616,5.0
(referral),usnews,ir_affiliate,mobile,388,265,27,3749.88,107,35,0.04381443298969072,0.9561855670103093,0.06958762886597938,138.88444444444445,0.32710280373831774,0.7714285714285715
balance_bluebox_ow,facebook,paidsocial,mobile,385,340,4,225.98,11,0,0.06233766233766234,0.9376623376623376,0.01038961038961039,56.495,0.0,0.0
broad_fairytales,facebook,paidsocial,tablet,379,303,0,0.0,13,0,0.0870712401055409,0.9129287598944591,0.0,0.0,0.0,0.0
vol-reminder-yr2-2025,metlife,email,desktop,377,269,0,0.0,0,0,0.13527851458885942,0.8647214854111406,0.0,0.0,0.0,0.0
(referral),copilot.microsoft.com,referral,desktop,375,238,5,960.0,29,9,0.12,0.88,0.013333333333333334,192.0,0.3103448275862069,0.5555555555555556
(referral),ca.search.yahoo.com,referral,desktop,373,296,0,0.0,11,0,0.09115281501340483,0.9088471849865952,0.0,0.0,0.0,0.0
120229810279360334,l.facebook.com,paid,mobile,371,364,6,384.95,78,1,0.03773584905660377,0.9622641509433962,0.016172506738544475,64.15833333333333,0.01282051282051282,6.0
(not set),(not set),ir_affiliate,desktop,370,52,3,0.0,9,2,0.05405405405405406,0.9459459459459459,0.008108108108108109,0.0,0.2222222222222222,1.5
(not set),partnermatic,ir_affiliate,desktop,369,50,0,0.0,23,1,0.04065040650406504,0.959349593495935,0.0,0.0,0.043478260869565216,0.0
breach-checklist,(not set),(not set),mobile,366,163,3,279.0,41,6,0.11475409836065574,0.8852459016393442,0.00819672131147541,93.0,0.14634146341463414,0.5
GG_Aura_Search_Competitors_gtwy-pc,google,cpc,mobile,361,317,6,510.95,101,0,0.0443213296398892,0.9556786703601108,0.01662049861495845,85.15833333333333,0.0,0.0
av-intro,algoclick,ir_affiliate,desktop,361,279,8,1089.81,67,6,0.09141274238227147,0.9085872576177285,0.0221606648199446,136.22625,0.08955223880597014,1.3333333333333333
(referral),aura.smart.link,referral,desktop,358,190,17,803.9200000000001,19,5,0.08659217877094973,0.9134078212290503,0.04748603351955307,47.28941176470589,0.2631578947368421,3.4
(referral),youtube.com,referral,mobile,356,312,5,531.77,47,12,0.047752808988764044,0.952247191011236,0.014044943820224719,106.354,0.2553191489361702,0.4166666666666667
(referral),metlife.com,referral,desktop,355,119,19,0.0,60,4,0.14647887323943662,0.8535211267605634,0.05352112676056338,0.0,0.06666666666666667,4.75
120225621762090334,l.facebook.com,paid,mobile,354,349,16,219.0,139,2,0.011299435028248588,0.9887005649717514,0.04519774011299435,13.6875,0.014388489208633094,8.0
(not set),perplexity,(not set),mobile,353,327,1,144.0,15,4,0.031161473087818695,0.9688385269121813,0.0028328611898017,144.0,0.26666666666666666,0.25
(referral),my.identityguard.com,referral,mobile,353,300,0,0.0,4,0,0.031161473087818695,0.9688385269121813,0.0,0.0,0.0,0.0
(referral),t.co,referral,mobile,337,331,0,0.0,0,0,0.04451038575667656,0.9554896142433235,0.0,0.0,0.0,0.0
link-shared-in-chat,livechat.com,chat,desktop,337,87,3,516.0,11,5,0.13056379821958458,0.8694362017804155,0.008902077151335312,172.0,0.45454545454545453,0.6
fedemployees,facebook,paidsocial,tablet,336,293,1,69.99,10,0,0.07738095238095238,0.9226190476190477,0.002976190476190476,69.99,0.0,0.0
(not set),nerdwallet,ir_affiliate,mobile,334,261,23,2484.0,107,64,0.029940119760479042,0.9700598802395209,0.0688622754491018,108.0,0.5981308411214953,0.359375
(referral),lm.facebook.com,referral,mobile,333,320,0,0.0,2,0,0.04504504504504504,0.954954954954955,0.0,0.0,0.0,0.0
(referral),perplexity.ai,referral,desktop,331,227,3,636.0,7,3,0.1782477341389728,0.8217522658610272,0.00906344410876133,212.0,0.42857142857142855,1.0
(referral),secureup,ir_affiliate,desktop,328,111,0,0.0,0,0,0.018292682926829267,0.9817073170731707,0.0,0.0,0.0,0.0
(not set),meridianmag,ir_affiliate,mobile,326,294,0,0.0,5,1,0.06748466257668712,0.9325153374233128,0.0,0.0,0.2,0.0
(referral),moaa.org,referral,desktop,325,146,23,4140.0,61,31,0.06153846153846154,0.9384615384615385,0.07076923076923076,180.0,0.5081967213114754,0.7419354838709677
GG_Thrive_Search_NB,google,cpc,tablet,325,317,0,0.0,31,0,0.024615384615384615,0.9753846153846154,0.0,0.0,0.0,0.0
(referral),job-boards.greenhouse.io,referral,mobile,323,298,0,0.0,0,0,0.015479876160990712,0.9845201238390093,0.0,0.0,0.0,0.0
VPN,antivirusguide,ir_affiliate,mobile,319,294,4,349.96000000000004,67,0,0.012539184952978056,0.987460815047022,0.012539184952978056,87.49000000000001,0.0,0.0
22303907484,google,cpc,desktop,317,261,2,153.99,11,3,0.08832807570977919,0.9116719242902208,0.006309148264984227,76.995,0.2727272727272727,0.6666666666666666
(referral),rakuten.com,referral,desktop,312,107,1,129.99,20,1,0.10897435897435898,0.8910256410256411,0.003205128205128205,129.99,0.05,1.0
(referral),haveibeenpwned.com,referral,desktop,308,236,11,1116.0,42,18,0.10064935064935066,0.8993506493506493,0.03571428571428571,101.45454545454545,0.42857142857142855,0.6111111111111112
GG_Aura_Search_Competitors_gtwy-av,google,cpc,desktop,307,276,17,1829.61,84,7,0.03908794788273615,0.9609120521172638,0.05537459283387622,107.62411764705882,0.08333333333333333,2.4285714285714284
(not set),royharp,ir_affiliate,desktop,305,93,2,239.88,31,10,0.09508196721311475,0.9049180327868852,0.006557377049180328,119.94,0.3225806451612903,0.2
(referral),us.search.yahoo.com,referral,mobile,305,236,3,492.0,23,10,0.03278688524590164,0.9672131147540983,0.009836065573770493,164.0,0.43478260869565216,0.3
welcometrack_04.22.25,fedvip,welcome-email,mobile,304,233,0,0.0,128,1,0.02631578947368421,0.9736842105263158,0.0,0.0,0.0078125,0.0
JDI_Impulse_2935404,taboola,native,desktop,300,227,22,2199.7799999999997,142,3,0.06666666666666667,0.9333333333333333,0.07333333333333333,99.99,0.02112676056338028,7.333333333333333
av-intro,antivirusguide,ir_affiliate,desktop,299,260,7,789.9300000000001,60,3,0.03678929765886288,0.9632107023411371,0.023411371237458192,112.84714285714287,0.05,2.3333333333333335
welcometrack_04.22.25,fedvip,welcome-email,desktop,299,231,0,0.0,163,1,0.046822742474916385,0.9531772575250836,0.0,0.0,0.006134969325153374,0.0
(not set),cnet,ir_affiliate,mobile,296,142,4,160.0,31,5,0.10472972972972973,0.8952702702702703,0.013513513513513514,40.0,0.16129032258064516,0.8
(referral),uk.search.yahoo.com,referral,mobile,295,238,0,0.0,1,0,0.061016949152542375,0.9389830508474576,0.0,0.0,0.0,0.0
(referral),facebook.com,referral,mobile,291,283,0,0.0,9,0,0.010309278350515464,0.9896907216494846,0.0,0.0,0.0,0.0
(not set),topstartups.io,(not set),desktop,290,249,0,0.0,2,1,0.05862068965517241,0.9413793103448276,0.0,0.0,0.5,0.0
(referral),chatgpt.com,referral,mobile,290,152,5,711.0,132,7,0.15517241379310345,0.8448275862068966,0.017241379310344827,142.2,0.05303030303030303,0.7142857142857143
broad_up10_month23,facebook,paidsocial,mobile,288,259,5,409.95000000000005,51,3,0.05555555555555555,0.9444444444444444,0.017361111111111112,81.99000000000001,0.058823529411764705,1.6666666666666667
ab-0525test-d2p-e1,braze,email,mobile,285,129,21,1937.99,89,39,0.05263157894736842,0.9473684210526315,0.07368421052631578,92.2852380952381,0.43820224719101125,0.5384615384615384
(referral),related.forbes.com,referral,mobile,284,269,3,134.99,3,2,0.01056338028169014,0.9894366197183099,0.01056338028169014,44.99666666666667,0.6666666666666666,1.5
fedvip-abandonactivation-2025,fedvip,email,desktop,284,209,0,0.0,98,0,0.06338028169014084,0.9366197183098591,0.0,0.0,0.0,0.0
av-intro,cvoice,ir_affiliate,mobile,280,259,1,11.0,22,0,0.02857142857142857,0.9714285714285714,0.0035714285714285713,11.0,0.0,0.0
life360-productivity,life360,display,desktop,280,249,0,0.0,19,0,0.19642857142857142,0.8035714285714286,0.0,0.0,0.0,0.0
life360_general,facebook,paidsocial,tablet,277,228,0,0.0,30,0,0.07220216606498195,0.927797833935018,0.0,0.0,0.0,0.0
(not set),nerdwallet,ir_affiliate,desktop,276,139,7,852.0,19,13,0.06521739130434782,0.9347826086956522,0.025362318840579712,121.71428571428571,0.6842105263157895,0.5384615384615384
av-intro,safetydetectives,ir_affiliate,tablet,276,250,5,469.95000000000005,56,2,0.021739130434782608,0.9782608695652174,0.018115942028985508,93.99000000000001,0.03571428571428571,2.5
av-intro,wizcase,ir_affiliate,desktop,272,240,2,139.98,49,0,0.051470588235294115,0.9485294117647058,0.007352941176470588,69.99,0.0,0.0
(not set),wickfire,ir_affiliate,desktop,271,102,6,649.95,24,2,0.15129151291512916,0.8487084870848709,0.02214022140221402,108.325,0.08333333333333333,3.0
broad_dangersofspam,facebook,paidsocial,tablet,271,252,1,69.99,19,0,0.08487084870848709,0.915129151291513,0.0036900369003690036,69.99,0.0,0.0
broad_cfpb,facebook,paidsocial,mobile,268,254,1,69.99,279,0,0.47388059701492535,0.5261194029850746,0.0037313432835820895,69.99,0.0,0.0
ftr-risk-report,(not set),(not set),mobile,267,146,8,534.0,123,4,0.1647940074906367,0.8352059925093633,0.0299625468164794,66.75,0.032520325203252036,2.0
broad_up10month21_db_hacker,facebook,paidsocial,tablet,265,245,4,399.96000000000004,25,0,0.05660377358490566,0.9433962264150944,0.01509433962264151,99.99000000000001,0.0,0.0
(referral),gemini.google.com,referral,desktop,264,143,6,1224.0,18,9,0.17424242424242425,0.8257575757575758,0.022727272727272728,204.0,0.5,0.6666666666666666
(referral),uk.search.yahoo.com,referral,desktop,263,226,1,15.0,7,1,0.08745247148288973,0.9125475285171103,0.0038022813688212928,15.0,0.14285714285714285,1.0
lal_currentcustomers5_lowerfunnelftprove_subscribe,facebook,paidsocial,tablet,263,223,3,154.0,37,0,0.030418250950570342,0.9695817490494296,0.011406844106463879,51.333333333333336,0.0,0.0
(referral),chromewebstore.google.com,referral,mobile,256,135,0,0.0,6,4,0.02734375,0.97265625,0.0,0.0,0.6666666666666666,0.0
(not set),parentacontrol,ir_affiliate,desktop,254,116,3,212.98,73,1,0.32677165354330706,0.6732283464566929,0.011811023622047244,70.99333333333333,0.0136986301369863,3.0
(referral),AntivirusReviews,ir_affiliate,desktop,253,209,6,479.94,30,0,0.12648221343873517,0.8735177865612648,0.023715415019762844,79.99,0.0,0.0
(not set),cybernews,ir_affiliate,tablet,249,206,9,1240.7400000000002,89,11,0.03614457831325301,0.963855421686747,0.03614457831325301,137.86,0.12359550561797752,0.8181818181818182
(referral),l.threads.com,referral,mobile,249,248,0,0.0,0,0,0.01606425702811245,0.9839357429718876,0.0,0.0,0.0,0.0
(not set),wickfire,ir_affiliate,mobile,248,156,7,579.93,77,0,0.1814516129032258,0.8185483870967742,0.028225806451612902,82.84714285714286,0.0,0.0
22581332380,google,cpc,desktop,245,156,2,259.98,5,1,0.09387755102040816,0.9061224489795918,0.00816326530612245,129.99,0.2,2.0
(cross-network),(data not available),(data not available),tablet,244,242,4,89.97,64,7,0.012295081967213115,0.9877049180327869,0.01639344262295082,22.4925,0.109375,0.5714285714285714
(not set),allaboutprivacy,ir_affiliate,desktop,244,59,4,571.99,37,4,0.08196721311475409,0.9180327868852459,0.01639344262295082,142.9975,0.10810810810810811,1.0
120226486367460334,l.facebook.com,paid,mobile,242,232,3,269.97,60,2,0.049586776859504134,0.9504132231404959,0.012396694214876033,89.99000000000001,0.03333333333333333,1.5
october-ab-FT,braze,email,mobile,241,142,20,2177.7799999999997,172,8,0.058091286307053944,0.941908713692946,0.08298755186721991,108.88899999999998,0.046511627906976744,2.5
(referral),link.edgepilot.com,referral,desktop,234,22,0,0.0,1,1,0.01282051282051282,0.9871794871794872,0.0,0.0,1.0,0.0
GG_Aura_Search_Brand_gtwy-av,google,cpc,tablet,231,169,7,579.9300000000001,60,2,0.03463203463203463,0.9653679653679653,0.030303030303030304,82.84714285714287,0.03333333333333333,3.5
120212256068810334,(not set),paid,mobile,230,205,9,929.9100000000001,40,3,0.02608695652173913,0.9739130434782609,0.0391304347826087,103.32333333333334,0.075,3.0
15759666870,google,cpc,mobile,230,122,2,163.99,14,4,0.08260869565217391,0.9173913043478261,0.008695652173913044,81.995,0.2857142857142857,0.5
(referral),docs.google.com,referral,desktop,229,68,3,11.98,54,2,0.18340611353711792,0.8165938864628821,0.013100436681222707,3.9933333333333336,0.037037037037037035,1.5
(referral),app.petmeetly.com,referral,mobile,228,222,0,0.0,7,0,0.05701754385964912,0.9429824561403509,0.0,0.0,0.0,0.0
(referral),search.brave.com,referral,desktop,228,155,5,596.0,12,6,0.10087719298245613,0.8991228070175439,0.021929824561403508,119.2,0.5,0.8333333333333334
(referral),l.facebook.com,referral,desktop,227,155,0,0.0,26,0,0.07929515418502203,0.920704845814978,0.0,0.0,0.0,0.0
spotthescam,Influencelogic,influencer,desktop,223,207,0,0.0,4,0,0.04035874439461883,0.9596412556053812,0.0,0.0,0.0,0.0
(referral),wickfire,ir_affiliate,tablet,222,178,6,509.94000000000005,65,2,0.04054054054054054,0.9594594594594594,0.02702702702702703,84.99000000000001,0.03076923076923077,3.0
ab-dwdboo-0725-e1,braze,email,mobile,222,145,4,399.96000000000004,78,5,0.08108108108108109,0.918918918918919,0.018018018018018018,99.99000000000001,0.0641025641025641,0.8
interests_lifelock,facebook,paidsocial,desktop,219,150,6,697.95,33,2,0.0547945205479452,0.9452054794520548,0.0273972602739726,116.325,0.06060606060606061,3.0
life360_blendedlal,facebook,paidsocial,desktop,219,193,4,489.96000000000004,57,3,0.0228310502283105,0.9771689497716894,0.0182648401826484,122.49000000000001,0.05263157894736842,1.3333333333333333
(not set),conadvo,ir_affiliate,tablet,218,77,2,515.76,18,2,0.11009174311926606,0.8899082568807339,0.009174311926605505,257.88,0.1111111111111111,1.0
(not set),perkspot,ir_affiliate,desktop,218,28,4,1008.0,15,4,0.10550458715596331,0.8944954128440367,0.01834862385321101,252.0,0.26666666666666666,1.0
(not set),rocketmoney,ir_affiliate,desktop,217,188,4,528.0,10,8,0.5345622119815668,0.46543778801843316,0.018433179723502304,132.0,0.8,0.5
(organic),yahoo,organic,tablet,217,136,0,0.0,3,0,0.05069124423963134,0.9493087557603687,0.0,0.0,0.0,0.0
(referral),messages.google.com,referral,desktop,217,58,2,157.0,3,1,0.0967741935483871,0.9032258064516129,0.009216589861751152,78.5,0.3333333333333333,2.0
(not set),chatgpt.com,(not set),desktop,214,123,5,749.87,11,6,0.11682242990654206,0.883177570093458,0.02336448598130841,149.974,0.5454545454545454,0.8333333333333334
(not set),financialdiet,ir_affiliate,desktop,213,138,5,452.0,18,6,0.24413145539906103,0.755868544600939,0.023474178403755867,90.4,0.3333333333333333,0.8333333333333334
21277047044,google,cpc,desktop,211,161,0,0.0,1,0,0.12322274881516587,0.8767772511848341,0.0,0.0,0.0,0.0
(referral),in.search.yahoo.com,referral,desktop,208,190,0,0.0,5,1,0.0625,0.9375,0.0,0.0,0.2,0.0
19851773274,google,cpc,mobile,208,137,4,448.88,26,4,0.08653846153846154,0.9134615384615384,0.019230769230769232,112.22,0.15384615384615385,1.0
(referral),financebuzz,ir_affiliate,tablet,207,197,2,288.0,24,8,0.043478260869565216,0.9565217391304348,0.00966183574879227,144.0,0.3333333333333333,0.25
(referral),us.search.yahoo.com,referral,desktop,207,94,2,288.0,3,3,0.06763285024154589,0.9323671497584541,0.00966183574879227,144.0,1.0,0.6666666666666666
broad_auratesting2,facebook,paidsocial,tablet,205,188,2,259.98,28,1,0.08292682926829269,0.9170731707317074,0.00975609756097561,129.99,0.03571428571428571,2.0
(referral),try.ajansturkiye.com.tr,referral,mobile,204,204,0,0.0,24,0,0.029411764705882353,0.9705882352941176,0.0,0.0,0.0,0.0
lal_currentcustomers5,facebook,paidsocial,desktop,204,142,6,673.95,26,5,0.08823529411764706,0.9117647058823529,0.029411764705882353,112.325,0.19230769230769232,1.2
may-ab-FT,braze,email,mobile,203,128,16,2384.61,141,14,0.04926108374384237,0.9507389162561576,0.07881773399014778,149.038125,0.09929078014184398,1.1428571428571428
(organic),partnermatic,ir_affiliate,desktop,202,113,0,0.0,0,1,0.09900990099009901,0.900990099009901,0.0,0.0,0.0,0.0
av-intro,algoclick,ir_affiliate,mobile,201,197,3,523.98,65,1,0.024875621890547265,0.9751243781094527,0.014925373134328358,174.66,0.015384615384615385,3.0
(referral),wsj.com,referral,desktop,200,100,3,338.0,8,4,0.165,0.835,0.015,112.66666666666667,0.5,0.75
(referral),go.bsky.app,referral,mobile,198,173,0,0.0,1,0,0.03535353535353535,0.9646464646464646,0.0,0.0,0.0,0.0
(not set),moonshot,ir_affiliate,mobile,197,120,2,169.98,29,0,0.17258883248730963,0.8274111675126904,0.01015228426395939,84.99,0.0,0.0
breach-checklist,(not set),(not set),desktop,197,100,0,0.0,8,2,0.25380710659898476,0.7461928934010152,0.0,0.0,0.25,0.0
ab-dwdboo-0725-e2,braze,email,mobile,196,122,7,773.94,57,5,0.061224489795918366,0.9387755102040817,0.03571428571428571,110.56285714285715,0.08771929824561403,1.4
ab-auraweek25-e2,braze,email,mobile,195,125,3,312.0,41,1,0.035897435897435895,0.9641025641025641,0.015384615384615385,104.0,0.024390243902439025,3.0
(not set),rocketmoney,ir_affiliate,tablet,193,163,10,704.0,27,14,0.010362694300518135,0.9896373056994818,0.05181347150259067,70.4,0.5185185185185185,0.7142857142857143
(referral),PCMAG PC,ir_affiliate,desktop,193,134,7,829.76,31,8,0.08808290155440414,0.9119170984455959,0.03626943005181347,118.53714285714285,0.25806451612903225,0.875
spotthescam,Influencelogic,influencer,mobile,192,171,0,0.0,1,0,0.026041666666666668,0.9739583333333334,0.0,0.0,0.0,0.0
(referral),localhost:3004,referral,desktop,191,29,17,1260.99,57,7,0.13089005235602094,0.8691099476439791,0.08900523560209424,74.17588235294117,0.12280701754385964,2.4285714285714284
(referral),search.brave.com,referral,mobile,191,158,1,144.0,6,1,0.03664921465968586,0.9633507853403142,0.005235602094240838,144.0,0.16666666666666666,1.0
(not set),financialdiet,ir_affiliate,mobile,190,85,2,120.0,3,1,0.08947368421052632,0.9105263157894737,0.010526315789473684,60.0,0.3333333333333333,2.0
(referral),peachjar,ir_affiliate,desktop,190,148,5,699.8399999999999,48,2,0.07368421052631578,0.9263157894736842,0.02631578947368421,139.968,0.041666666666666664,2.5
ab-0625testvarb-d2p-e1,braze,email,desktop,190,58,10,1368.0,32,13,0.1368421052631579,0.8631578947368421,0.05263157894736842,136.8,0.40625,0.7692307692307693
(referral),yandex.ru,referral,mobile,188,180,0,0.0,3,1,0.031914893617021274,0.9680851063829787,0.0,0.0,0.3333333333333333,0.0
digital-footprint-checker,(not set),(not set),mobile,188,93,1,84.0,25,1,0.10106382978723404,0.898936170212766,0.005319148936170213,84.0,0.04,1.0
(referral),allaboutcookies.org,referral,desktop,187,163,2,483.99,89,4,0.053475935828877004,0.946524064171123,0.0106951871657754,241.995,0.0449438202247191,0.5
15759666870,google,cpc,desktop,186,109,1,19.99,5,1,0.10752688172043011,0.8924731182795699,0.005376344086021506,19.99,0.2,1.0
506176142,bing,cpc,tablet,186,164,4,659.64,20,7,0.05913978494623656,0.9408602150537635,0.021505376344086023,164.91,0.35,0.5714285714285714
(referral),cmp.optimizely.com,referral,desktop,183,17,10,1070.97,159,13,0.14754098360655737,0.8524590163934426,0.0546448087431694,107.09700000000001,0.08176100628930817,0.7692307692307693
